Year,Country,Brand,Model,Price_USD,Range_km,Autonomy_Class
2024,China,BYD,BYD DOLPHIN 60.4 kWh (MY24)BYD DOLPHIN 60.4 kWh,38074,350,2. Standard (250-450km)
2024,China,Zeekr,Zeekr 001 Long Range RWD (MY24)Zeekr 001 Long Range RWD,70342,505,3. Long Range (450-650km)
2024,China,Zeekr,Zeekr 001 Performance AWD (MY24)Zeekr 001 Performance AWD,77267,480,3. Long Range (450-650km)
2024,China,Zeekr,Zeekr 001 Privilege AWD (MY24)Zeekr 001 Privilege AWD,83037,480,3. Long Range (450-650km)
2024,France,Peugeot,Peugeot e-208 50 kWh (MY24)Peugeot e-208 50 kWh,41519,295,2. Standard (250-450km)
2024,France,Peugeot,Peugeot e-2008 50 kWh (MY24-25)Peugeot e-2008 50 kWh,45010,270,2. Standard (250-450km)
2024,France,Peugeot,Peugeot e-2008 54 kWh (MY24)Peugeot e-2008 54 kWh,46799,300,2. Standard (250-450km)
2024,France,Peugeot,Peugeot e-208 51 kWh (MY24)Peugeot e-208 51 kWh,47174,315,2. Standard (250-450km)
2024,Germany,Volkswagen,Volkswagen ID.3 Pure (MY24-26)Volkswagen ID.3 Pure,38466,325,2. Standard (250-450km)
2024,Germany,Opel,Opel Corsa Electric 50 kWh (MY24)Opel Corsa Electric 50 kWh,39990,290,2. Standard (250-450km)
2024,Germany,Smart,Smart #1 Pure (MY24)Smart #1 Pure,40382,250,2. Standard (250-450km)
2024,Germany,Volkswagen,Volkswagen ID.3 Pro (MY24-26)Volkswagen ID.3 Pro,42038,365,2. Standard (250-450km)
2024,Germany,Smart,Smart #1 Pro (MY24)Smart #1 Pro,43267,250,2. Standard (250-450km)
2024,Germany,Opel,Opel Corsa Electric 51 kWh (MY24)Opel Corsa Electric 51 kWh,43908,315,2. Standard (250-450km)
2024,Germany,Smart,Smart #3 Pro (MY24)Smart #3 Pro,44421,265,2. Standard (250-450km)
2024,Germany,Smart,Smart #1 Pure+ (MY24)Smart #1 Pure+,46152,335,2. Standard (250-450km)
2024,Germany,Volkswagen,Volkswagen ID.4 Pure (MY24-25)Volkswagen ID.4 Pure,46551,285,2. Standard (250-450km)
2024,Germany,Smart,Smart #3 Pro+ (MY24)Smart #3 Pro+,50192,355,2. Standard (250-450km)
2024,Germany,Volkswagen,Volkswagen ID.5 Pure (MY24-25)Volkswagen ID.5 Pure,52246,320,2. Standard (250-450km)
2024,Germany,Volkswagen,Volkswagen ID.4 Pro (MY24-25)Volkswagen ID.4 Pro,53475,445,2. Standard (250-450km)
2024,Germany,Smart,Smart #3 Premium (MY24)Smart #3 Premium,53654,355,2. Standard (250-450km)
2024,Germany,Volkswagen,Volkswagen ID.4 Pro 4MOTION (MY24-25)Volkswagen ID.4 Pro 4MOTION,56574,435,2. Standard (250-450km)
2024,Germany,Smart,Smart #3 Brabus (MY24)Smart #3 Brabus,58848,350,2. Standard (250-450km)
2024,Germany,Volkswagen,Volkswagen ID.4 GTX (MY24-25)Volkswagen ID.4 GTX,61462,420,2. Standard (250-450km)
2024,Germany,Volkswagen,Volkswagen ID.5 GTX (MY24-25)Volkswagen ID.5 GTX,65155,430,2. Standard (250-450km)
2024,Germany,Audi,Audi Q6 SUV e-tron (MY24)Audi Q6 SUV e-tron,73285,395,2. Standard (250-450km)
2024,Germany,BMW,BMW i5 xDrive40 Touring (MY24)BMW i5 xDrive40 Touring,89558,440,2. Standard (250-450km)
2024,Germany,BMW,BMW i5 M60 xDrive Touring (MY24)BMW i5 M60 xDrive Touring,117141,415,2. Standard (250-450km)
2024,Germany,Volkswagen,Volkswagen ID.3 GTX (MY24-26)Volkswagen ID.3 GTX,54502,470,3. Long Range (450-650km)
2024,Germany,Volkswagen,Volkswagen ID.3 Pro S (MY24-25)Volkswagen ID.3 Pro S,54929,465,3. Long Range (450-650km)
2024,Germany,Volkswagen,Volkswagen ID.3 GTX Performance (MY24-26)Volkswagen ID.3 GTX Performance,56234,465,3. Long Range (450-650km)
2024,Germany,Volkswagen,Volkswagen ID.5 Pro (MY24-25)Volkswagen ID.5 Pro,56516,460,3. Long Range (450-650km)
2024,Germany,Volkswagen,Volkswagen ID.7 Pro (MY24-25)Volkswagen ID.7 Pro,62316,475,3. Long Range (450-650km)
2024,Germany,Volkswagen,Volkswagen ID.7 Tourer Pro (MY24-25)Volkswagen ID.7 Tourer Pro,63239,470,3. Long Range (450-650km)
2024,Germany,Volkswagen,Volkswagen ID.7 Pro S (MY24-25)Volkswagen ID.7 Pro S,68075,525,3. Long Range (450-650km)
2024,Germany,Volkswagen,Volkswagen ID.7 Tourer Pro S (MY24-25)Volkswagen ID.7 Tourer Pro S,68998,520,3. Long Range (450-650km)
2024,Germany,Volkswagen,Volkswagen ID.7 GTX (MY24-25)Volkswagen ID.7 GTX,72887,500,3. Long Range (450-650km)
2024,Germany,Volkswagen,Volkswagen ID.7 Tourer GTX (MY24-25)Volkswagen ID.7 Tourer GTX,73810,500,3. Long Range (450-650km)
2024,Germany,Audi,Audi Q6 SUV e-tron performance (MY24)Audi Q6 SUV e-tron performance,79402,490,3. Long Range (450-650km)
2024,Germany,BMW,BMW i5 eDrive40 Touring (MY24)BMW i5 eDrive40 Touring,83326,455,3. Long Range (450-650km)
2024,Germany,Audi,Audi Q6 SUV e-tron quattro (MY24-25)Audi Q6 SUV e-tron quattro,86211,480,3. Long Range (450-650km)
2024,Germany,BMW,BMW i5 xDrive40 Sedan (MY24)BMW i5 xDrive40 Sedan,87250,455,3. Long Range (450-650km)
2024,Germany,Porsche,Porsche Macan 4 Electric (MY24-25)Porsche Macan 4 Electric,97060,470,3. Long Range (450-650km)
2024,Germany,Audi,Audi SQ6 SUV e-tron (MY24)Audi SQ6 SUV e-tron,108255,470,3. Long Range (450-650km)
2024,Germany,Porsche,Porsche Macan Turbo Electric (MY24-25)Porsche Macan Turbo Electric,132260,465,3. Long Range (450-650km)
2024,Italy,Maserati,Maserati Grecale Folgore (MY24-25)Maserati Grecale Folgore,143456,415,2. Standard (250-450km)
2024,South Korea,Hyundai,Hyundai Kona Electric 48 kWh (MY24-25)Hyundai Kona Electric 48 kWh,48461,295,2. Standard (250-450km)
2024,South Korea,Hyundai,Hyundai IONIQ 5 63 kWh RWD (MY24)Hyundai IONIQ 5 63 kWh RWD,50665,345,2. Standard (250-450km)
2024,South Korea,Hyundai,Hyundai Kona Electric 65 kWh (MY24-25)Hyundai Kona Electric 65 kWh,54462,390,2. Standard (250-450km)
2024,South Korea,Hyundai,Hyundai IONIQ 5 84 kWh AWD (MY24)Hyundai IONIQ 5 84 kWh AWD,68554,445,2. Standard (250-450km)
2024,South Korea,Hyundai,Hyundai IONIQ 5 N (MY24)Hyundai IONIQ 5 N,86442,390,2. Standard (250-450km)
2024,South Korea,Hyundai,Hyundai IONIQ 5 84 kWh RWD (MY24)Hyundai IONIQ 5 84 kWh RWD,59609,450,3. Long Range (450-650km)
2024,Sweden,Volvo,Volvo EX30 Single Motor (MY24-26)Volvo EX30 Single Motor,45922,275,2. Standard (250-450km)
2024,Sweden,Volvo,Volvo EX30 Single Motor ER (MY24-26)Volvo EX30 Single Motor ER,51923,365,2. Standard (250-450km)
2024,Sweden,Polestar,Polestar 2 Standard Range Single Motor (MY24)Polestar 2 Standard Range Single Motor,53406,395,2. Standard (250-450km)
2024,Sweden,Volvo,Volvo XC40 Recharge Single Motor (MY24)Volvo XC40 Recharge Single Motor,54820,340,2. Standard (250-450km)
2024,Sweden,Volvo,Volvo C40 Recharge Single Motor (MY24)Volvo C40 Recharge Single Motor,54820,355,2. Standard (250-450km)
2024,Sweden,Volvo,Volvo EX30 Twin Motor Performance (MY24-26)Volvo EX30 Twin Motor Performance,59655,340,2. Standard (250-450km)
2024,Sweden,Volvo,Volvo XC40 Recharge Single Motor ER (MY24)Volvo XC40 Recharge Single Motor ER,61167,400,2. Standard (250-450km)
2024,Sweden,Volvo,Volvo C40 Recharge Single Motor ER (MY24)Volvo C40 Recharge Single Motor ER,62841,420,2. Standard (250-450km)
2024,Sweden,Volvo,Volvo XC40 Recharge Twin Motor (MY24)Volvo XC40 Recharge Twin Motor,69188,385,2. Standard (250-450km)
2024,Sweden,Volvo,Volvo C40 Recharge Twin Motor (MY24)Volvo C40 Recharge Twin Motor,70862,400,2. Standard (250-450km)
2024,Sweden,Polestar,Polestar 2 Long Range Single Motor (MY24)Polestar 2 Long Range Single Motor,57676,470,3. Long Range (450-650km)
2024,Sweden,Polestar,Polestar 2 Long Range Dual Motor (MY24)Polestar 2 Long Range Dual Motor,60331,450,3. Long Range (450-650km)
2024,Sweden,Polestar,Polestar 2 Long Range Performance (MY24)Polestar 2 Long Range Performance,67832,450,3. Long Range (450-650km)
2024,Sweden,Polestar,Polestar 4 Long Range Single Motor (MY24)Polestar 4 Long Range Single Motor,72939,495,3. Long Range (450-650km)
2024,Sweden,Polestar,Polestar 4 Long Range Dual Motor (MY24)Polestar 4 Long Range Dual Motor,82172,485,3. Long Range (450-650km)
2024,Sweden,Volvo,Volvo EX90 Single Motor (MY24-25)Volvo EX90 Single Motor,96598,485,3. Long Range (450-650km)
2024,Sweden,Volvo,Volvo EX90 Twin Motor (MY24-25)Volvo EX90 Twin Motor,105831,505,3. Long Range (450-650km)
2024,Sweden,Volvo,Volvo EX90 Twin Motor Performance (MY24-25)Volvo EX90 Twin Motor Performance,111717,485,3. Long Range (450-650km)
2024,UK,Mini,Mini Countryman E (MY24-25)Mini Countryman E,50203,385,2. Standard (250-450km)
2024,UK,Mini,Mini Countryman SE ALL4 (MY24-25)Mini Countryman SE ALL4,57128,365,2. Standard (250-450km)
2024,USA,Ford,Ford Explorer Standard Range RWD (MY24-25)Ford Explorer Standard Range RWD,49049,305,2. Standard (250-450km)
2024,USA,Ford,Ford Explorer Extended Range RWD (MY24-25)Ford Explorer Extended Range RWD,55985,435,2. Standard (250-450km)
2024,USA,Ford,Ford Explorer Extended Range AWD (MY24-25)Ford Explorer Extended Range AWD,60509,440,2. Standard (250-450km)
2024,USA,Ford,Ford Mustang Mach-E SR RWD (MY24)Ford Mustang Mach-E SR RWD,64399,385,2. Standard (250-450km)
2024,USA,Ford,Ford Mustang Mach-E SR AWD (MY24)Ford Mustang Mach-E SR AWD,66822,350,2. Standard (250-450km)
2024,USA,Ford,Ford Mustang Mach-E ER AWD (MY24)Ford Mustang Mach-E ER AWD,76055,445,2. Standard (250-450km)
2024,USA,Ford,Ford Mustang Mach-E GT (MY24)Ford Mustang Mach-E GT,89212,425,2. Standard (250-450km)
2024,USA,Ford,Ford Mustang Mach-E Rally (MY24)Ford Mustang Mach-E Rally,92674,410,2. Standard (250-450km)
2024,USA,Ford,Ford Explorer Extended Range RWD (MY24)Ford Explorer Extended Range RWD,55974,450,3. Long Range (450-650km)
2024,USA,Ford,Ford Mustang Mach-E ER RWD (MY24)Ford Mustang Mach-E ER RWD,67515,480,3. Long Range (450-650km)
2024,USA,Cadillac,Cadillac LYRIQ 600 E4 (MY24)Cadillac LYRIQ 600 E4,95790,460,3. Long Range (450-650km)
2024,USA,Lucid,Lucid Air Pure RWD (MY24-25)Lucid Air Pure RWD,98098,530,3. Long Range (450-650km)
2025,China,BYD,BYD DOLPHIN 60.4 kWh (MY25)BYD DOLPHIN 60.4 kWh,39978,350,2. Standard (250-450km)
2025,China,Zeekr,Zeekr X Core RWD (MY25)Zeekr X Core RWD,44952,270,2. Standard (250-450km)
2025,China,BYD,BYD ATTO 3 (MY25)BYD ATTO 3,44998,340,2. Standard (250-450km)
2025,China,Zeekr,Zeekr X Long Range RWD (MY25)Zeekr X Long Range RWD,50146,360,2. Standard (250-450km)
2025,China,Zeekr,Zeekr X Privilege AWD (MY25)Zeekr X Privilege AWD,55916,350,2. Standard (250-450km)
2025,China,Zeekr,Zeekr 7X Core RWD (MY25)Zeekr 7X Core RWD,64572,380,2. Standard (250-450km)
2025,China,Zeekr,Zeekr 7X Long Range RWD (MY25)Zeekr 7X Long Range RWD,68034,500,3. Long Range (450-650km)
2025,China,Zeekr,Zeekr 7X Privilege AWD (MY25)Zeekr 7X Privilege AWD,76113,485,3. Long Range (450-650km)
2025,France,Peugeot,Peugeot e-208 50 kWh (MY25)Peugeot e-208 50 kWh,42154,295,2. Standard (250-450km)
2025,France,Peugeot,Peugeot e-208 54 kWh (MY25)Peugeot e-208 54 kWh,43308,335,2. Standard (250-450km)
2025,France,Renault,Renault Scenic E-Tech EV60 170hp (TU2025)Renault Scenic E-Tech EV60 170hp,46626,340,2. Standard (250-450km)
2025,France,Renault,Renault Megane E-Tech EV60 220hp (TU2025)Renault Megane E-Tech EV60 220hp,47307,380,2. Standard (250-450km)
2025,France,DS,DS Automobiles N°4 E-Tense (MY25)DS Automobiles N°4 E-Tense,52973,350,2. Standard (250-450km)
2025,France,Peugeot,Peugeot e-408 58 kWh (MY25)Peugeot e-408 58 kWh,53435,350,2. Standard (250-450km)
2025,France,Renault,Renault Scenic E-Tech EV87 220hp (TU2025)Renault Scenic E-Tech EV87 220hp,55281,480,3. Long Range (450-650km)
2025,Germany,Opel,Opel Corsa Electric 50 kWh (MY25)Opel Corsa Electric 50 kWh,34611,290,2. Standard (250-450km)
2025,Germany,Opel,Opel Corsa Electric 54 kWh (MY25)Opel Corsa Electric 54 kWh,36343,335,2. Standard (250-450km)
2025,Germany,Smart,Smart #5 Pro (MY25)Smart #5 Pro,52973,370,2. Standard (250-450km)
2025,Germany,Audi,Audi Q6 Sportback e-tron (MY25)Audi Q6 Sportback e-tron,76055,410,2. Standard (250-450km)
2025,Germany,BMW,BMW i5 M60 xDrive Sedan (MY25)BMW i5 M60 xDrive Sedan,114833,430,2. Standard (250-450km)
2025,Germany,BMW,BMW i5 M60 xDrive Touring (MY25)BMW i5 M60 xDrive Touring,117141,425,2. Standard (250-450km)
2025,Germany,Smart,Smart #5 Pro+ (MY25)Smart #5 Pro+,58744,475,3. Long Range (450-650km)
2025,Germany,Smart,Smart #5 Premium (MY25)Smart #5 Premium,63937,475,3. Long Range (450-650km)
2025,Germany,Smart,Smart #5 Pulse (MY25)Smart #5 Pulse,63937,465,3. Long Range (450-650km)
2025,Germany,Smart,Smart #5 Summit Edition (MY25)Smart #5 Summit Edition,65668,460,3. Long Range (450-650km)
2025,Germany,Smart,Smart #5 Brabus (MY25)Smart #5 Brabus,70285,460,3. Long Range (450-650km)
2025,Germany,Audi,Audi A6 Sportback e-tron (MY25)Audi A6 Sportback e-tron,72477,485,3. Long Range (450-650km)
2025,Germany,Audi,Audi A6 Avant e-tron (MY25)Audi A6 Avant e-tron,74382,465,3. Long Range (450-650km)
2025,Germany,BMW,BMW i5 eDrive40 Sedan (MY25)BMW i5 eDrive40 Sedan,81018,480,3. Long Range (450-650km)
2025,Germany,Audi,Audi Q6 Sportback e-tron performance (MY25)Audi Q6 Sportback e-tron performance,82172,510,3. Long Range (450-650km)
2025,Germany,BMW,BMW i5 eDrive40 Touring (MY25)BMW i5 eDrive40 Touring,83326,465,3. Long Range (450-650km)
2025,Germany,Audi,Audi A6 Sportback e-tron performance (MY25)Audi A6 Sportback e-tron performance,87250,600,3. Long Range (450-650km)
2025,Germany,BMW,BMW i5 xDrive40 Sedan (MY25)BMW i5 xDrive40 Sedan,87250,465,3. Long Range (450-650km)
2025,Germany,Audi,Audi Q6 Sportback e-tron quattro (MY25)Audi Q6 Sportback e-tron quattro,88981,500,3. Long Range (450-650km)
2025,Germany,Audi,Audi A6 Avant e-tron performance (MY25)Audi A6 Avant e-tron performance,89154,575,3. Long Range (450-650km)
2025,Germany,BMW,BMW i5 xDrive40 Touring (MY25)BMW i5 xDrive40 Touring,89558,450,3. Long Range (450-650km)
2025,Germany,Audi,Audi A6 Sportback e-tron quattro (MY25)Audi A6 Sportback e-tron quattro,92097,570,3. Long Range (450-650km)
2025,Germany,Porsche,Porsche Macan Electric (MY25)Porsche Macan Electric,93136,495,3. Long Range (450-650km)
2025,Germany,Audi,Audi A6 Avant e-tron quattro (MY25)Audi A6 Avant e-tron quattro,94001,560,3. Long Range (450-650km)
2025,Germany,Porsche,Porsche Macan 4S Electric (MY25)Porsche Macan 4S Electric,104677,470,3. Long Range (450-650km)
2025,Germany,Audi,Audi SQ6 Sportback e-tron (MY25)Audi SQ6 Sportback e-tron,111024,495,3. Long Range (450-650km)
2025,Germany,Audi,Audi S6 Sportback e-tron (MY25)Audi S6 Sportback e-tron,114833,555,3. Long Range (450-650km)
2025,Germany,Audi,Audi S6 Avant e-tron (MY25)Audi S6 Avant e-tron,116737,530,3. Long Range (450-650km)
2025,Japan,Toyota,Toyota bZ4X FWD 57.7 kWh (MY25)Toyota bZ4X FWD 57.7 kWh,49615,305,2. Standard (250-450km)
2025,Japan,Mazda,Mazda 6e 68.8 kWh (MY25)Mazda 6e 68.8 kWh,51819,420,2. Standard (250-450km)
2025,Japan,Toyota,Toyota bZ4X FWD 73.1 kWh (MY25)Toyota bZ4X FWD 73.1 kWh,55385,385,2. Standard (250-450km)
2025,Japan,Toyota,Toyota bZ4X AWD 73.1 kWh (MY25)Toyota bZ4X AWD 73.1 kWh,58848,375,2. Standard (250-450km)
2025,Japan,Mazda,Mazda 6e Long Range 80 kWh (MY25)Mazda 6e Long Range 80 kWh,53666,480,3. Long Range (450-650km)
2025,South Korea,Genesis,Genesis GV60 Pure (MY25)Genesis GV60 Pure,63106,425,2. Standard (250-450km)
2025,South Korea,Genesis,Genesis GV60 Sport (MY25)Genesis GV60 Sport,74532,410,2. Standard (250-450km)
2025,South Korea,Genesis,Genesis GV70 Electrified (MY25)Genesis GV70 Electrified,81052,385,2. Standard (250-450km)
2025,South Korea,Genesis,Genesis GV60 Performance (MY25)Genesis GV60 Performance,85957,400,2. Standard (250-450km)
2025,South Korea,Genesis,Genesis G80 Electrified (MY25)Genesis G80 Electrified,87919,490,3. Long Range (450-650km)
2025,Sweden,Polestar,Polestar 2 Standard Range Single Motor (MY25)Polestar 2 Standard Range Single Motor,56539,405,2. Standard (250-450km)
2025,Sweden,Volvo,Volvo EX40 Single Motor (MY25)Volvo EX40 Single Motor,57693,345,2. Standard (250-450km)
2025,Sweden,Volvo,Volvo EC40 Single Motor (MY25)Volvo EC40 Single Motor,60810,360,2. Standard (250-450km)
2025,Sweden,Volvo,Volvo EX40 Single Motor ER (MY25)Volvo EX40 Single Motor ER,64041,400,2. Standard (250-450km)
2025,Sweden,Volvo,Volvo EC40 Single Motor ER (MY25)Volvo EC40 Single Motor ER,66003,420,2. Standard (250-450km)
2025,Sweden,Volvo,Volvo EX30 Cross Country (MY25-26)Volvo EX30 Cross Country,66118,335,2. Standard (250-450km)
2025,Sweden,Volvo,Volvo EX40 Twin Motor (MY25)Volvo EX40 Twin Motor,68773,385,2. Standard (250-450km)
2025,Sweden,Volvo,Volvo EC40 Twin Motor (MY25)Volvo EC40 Twin Motor,70735,400,2. Standard (250-450km)
2025,Sweden,Volvo,Volvo EX40 Twin Motor Performance (MY25)Volvo EX40 Twin Motor Performance,72581,385,2. Standard (250-450km)
2025,Sweden,Volvo,Volvo EC40 Twin Motor Performance (MY25)Volvo EC40 Twin Motor Performance,74312,400,2. Standard (250-450km)
2025,Sweden,Polestar,Polestar 2 Long Range Single Motor (MY25)Polestar 2 Long Range Single Motor,60810,475,3. Long Range (450-650km)
2025,Sweden,Polestar,Polestar 2 Long Range Dual Motor (MY25)Polestar 2 Long Range Dual Motor,65772,455,3. Long Range (450-650km)
2025,Sweden,Polestar,Polestar 2 Long Range Performance (MY25)Polestar 2 Long Range Performance,73274,450,3. Long Range (450-650km)
2025,USA,Ford,Ford Capri Standard Range RWD (MY25)Ford Capri Standard Range RWD,51877,320,2. Standard (250-450km)
2025,USA,Ford,Ford Mustang Mach-E SR RWD (MY25)Ford Mustang Mach-E SR RWD,65207,380,2. Standard (250-450km)
2025,USA,Ford,Ford Mustang Mach-E ER AWD (MY25)Ford Mustang Mach-E ER AWD,76863,435,2. Standard (250-450km)
2025,USA,Ford,Ford Mustang Mach-E GT (MY25)Ford Mustang Mach-E GT,90020,435,2. Standard (250-450km)
2025,USA,Ford,Ford Mustang Mach-E Rally (MY25)Ford Mustang Mach-E Rally,93482,415,2. Standard (250-450km)
2025,USA,Ford,Ford Capri Extended Range RWD (MY25)Ford Capri Extended Range RWD,58756,455,3. Long Range (450-650km)
2025,USA,Ford,Ford Capri Extended Range AWD (MY25)Ford Capri Extended Range AWD,63280,455,3. Long Range (450-650km)
2025,USA,Ford,Ford Mustang Mach-E ER RWD (MY25)Ford Mustang Mach-E ER RWD,68323,475,3. Long Range (450-650km)
2025,USA,Lucid,Lucid Air Touring (MY25)Lucid Air Touring,115295,605,3. Long Range (450-650km)
2025,USA,Lucid,Lucid Air Sapphire (MY25-26)Lucid Air Sapphire,288525,610,3. Long Range (450-650km)
2025,USA,Lucid,Lucid Air Grand Touring (MY25-26)Lucid Air Grand Touring,151072,720,4. Ultra (>650km)
2026,China,Leapmotor,Leapmotor T03Leapmotor T03,21812,225,1. Citadine (<250km)
2026,China,BYD,BYD DOLPHIN SURF 30 kWh ActiveBYD DOLPHIN SURF 30 kWh Active,26533,190,1. Citadine (<250km)
2026,China,BYD,BYD ATTO 2BYD ATTO 2,36920,245,1. Citadine (<250km)
2026,China,MG,MG ZS EVMG ZS EV,36920,220,1. Citadine (<250km)
2026,China,BYD,BYD DOLPHIN SURF 43.2 kWh BoostBYD DOLPHIN SURF 43.2 kWh Boost,31149,270,2. Standard (250-450km)
2026,China,GWM,GWM ORA 03 48 kWhGWM ORA 03 48 kWh,31149,260,2. Standard (250-450km)
2026,China,Leapmotor,Leapmotor B10 56.2 kWhLeapmotor B10 56.2 kWh,34508,305,2. Standard (250-450km)
2026,China,BYD,BYD DOLPHIN SURF 43.2 kWh ComfortBYD DOLPHIN SURF 43.2 kWh Comfort,35766,265,2. Standard (250-450km)
2026,China,Leapmotor,Leapmotor B10 67.1 kWhLeapmotor B10 67.1 kWh,37393,360,2. Standard (250-450km)
2026,China,GWM,GWM ORA 03 63 kWhGWM ORA 03 63 kWh,37497,340,2. Standard (250-450km)
2026,China,MG,MG ZS EV Standard RangeMG ZS EV Standard Range,39228,265,2. Standard (250-450km)
2026,China,MG,MG MG4 Electric 51 kWh (MY22-25)MG MG4 Electric 51 kWh,40382,300,2. Standard (250-450km)
2026,China,MG,MG MG5 Electric Standard RangeMG MG5 Electric Standard Range,40959,265,2. Standard (250-450km)
2026,China,GWM,GWM ORA 03 GTGWM ORA 03 GT,43267,325,2. Standard (250-450km)
2026,China,Leapmotor,Leapmotor C10 RWD 69.9 kWhLeapmotor C10 RWD 69.9 kWh,43394,355,2. Standard (250-450km)
2026,China,BYD,BYD ATTO 3 (MY23-24)BYD ATTO 3,43844,330,2. Standard (250-450km)
2026,China,MG,MG ZS EV Long RangeMG ZS EV Long Range,43844,370,2. Standard (250-450km)
2026,China,MG,MG MGS5 EV 49 kWhMG MGS5 EV 49 kWh,43844,275,2. Standard (250-450km)
2026,China,MG,MG MG5 Electric Long RangeMG MG5 Electric Long Range,44421,335,2. Standard (250-450km)
2026,China,MG,MG MG4 Electric 64 kWh (MY22-25)MG MG4 Electric 64 kWh,46152,360,2. Standard (250-450km)
2026,China,BYD,BYD ATTO 3 Evo RWD Design (MY26)BYD ATTO 3 Evo RWD Design,46164,415,2. Standard (250-450km)
2026,China,Leapmotor,Leapmotor C10 RWD 81.9 kWhLeapmotor C10 RWD 81.9 kWh,48357,410,2. Standard (250-450km)
2026,China,BYD,BYD ATTO 2 64.8 kWhBYD ATTO 2 64.8 kWh,48461,305,2. Standard (250-450km)
2026,China,BYD,BYD SEAL U 71.8 kWh ComfortBYD SEAL U 71.8 kWh Comfort,48461,360,2. Standard (250-450km)
2026,China,GWM,GWM ORA 07 PureGWM ORA 07 Pure,48461,350,2. Standard (250-450km)
2026,China,BYD,BYD ATTO 3 Evo AWD Excellence (MY26)BYD ATTO 3 Evo AWD Excellence,48472,400,2. Standard (250-450km)
2026,China,MG,MG MGS5 EV 64 kWhMG MGS5 EV 64 kWh,49615,365,2. Standard (250-450km)
2026,China,GWM,GWM ORA 07 ProGWM ORA 07 Pro,51346,350,2. Standard (250-450km)
2026,China,Leapmotor,Leapmotor C10 AWD 81.9 kWhLeapmotor C10 AWD 81.9 kWh,51819,380,2. Standard (250-450km)
2026,China,BYD,BYD SEAL U 87 kWh DesignBYD SEAL U 87 kWh Design,51923,425,2. Standard (250-450km)
2026,China,MG,MG MG4 Electric 77 kWh (MY23-25)MG MG4 Electric 77 kWh,53077,425,2. Standard (250-450km)
2026,China,BYD,BYD SEAL 61.4 kWh RWD ComfortBYD SEAL 61.4 kWh RWD Comfort,54231,365,2. Standard (250-450km)
2026,China,MG,MG MG4 Electric XPOWER (MY23-25)MG MG4 Electric XPOWER,54231,320,2. Standard (250-450km)
2026,China,MG,MG Marvel RMG Marvel R,54231,365,2. Standard (250-450km)
2026,China,BYD,BYD SEALION 7 82.5 kWh RWD ComfortBYD SEALION 7 82.5 kWh RWD Comfort,55385,420,2. Standard (250-450km)
2026,China,Zeekr,Zeekr 7GT Core RWD (MY26)Zeekr 7GT Core RWD,56493,410,2. Standard (250-450km)
2026,China,MG,MG Marvel R PerformanceMG Marvel R Performance,58848,350,2. Standard (250-450km)
2026,China,BYD,BYD SEAL 82.5 kWh AWD ExcellenceBYD SEAL 82.5 kWh AWD Excellence,61156,445,2. Standard (250-450km)
2026,China,GWM,GWM ORA 07 GTGWM ORA 07 GT,61733,430,2. Standard (250-450km)
2026,China,BYD,BYD SEALION 7 82.5 kWh AWD DesignBYD SEALION 7 82.5 kWh AWD Design,62310,405,2. Standard (250-450km)
2026,China,BYD,BYD SEALION 7 91.3 kWh AWD ExcellenceBYD SEALION 7 91.3 kWh AWD Excellence,68080,440,2. Standard (250-450km)
2026,China,MG,MG Cyberster TrophyMG Cyberster Trophy,75005,425,2. Standard (250-450km)
2026,China,MG,MG Cyberster GTMG Cyberster GT,80775,395,2. Standard (250-450km)
2026,China,BYD,BYD TANGBYD TANG,82403,355,2. Standard (250-450km)
2026,China,BYD,BYD SEAL 82.5 kWh RWD DesignBYD SEAL 82.5 kWh RWD Design,56539,480,3. Long Range (450-650km)
2026,China,Zeekr,Zeekr 7GT Long Range RWD (MY26)Zeekr 7GT Long Range RWD,62264,540,3. Long Range (450-650km)
2026,China,Zeekr,Zeekr 7GT Privilege AWD (MY26)Zeekr 7GT Privilege AWD,69765,515,3. Long Range (450-650km)
2026,China,BYD,BYD HANBYD HAN,79656,475,3. Long Range (450-650km)
2026,China,BYD,BYD TANG FlagshipBYD TANG Flagship,80343,460,3. Long Range (450-650km)
2026,France,Renault,Renault Twingo E-Tech 27.5 kWhRenault Twingo E-Tech 27.5 kWh,21812,185,1. Citadine (<250km)
2026,France,Renault,Renault Zoe R240Renault Zoe R240,24813,145,1. Citadine (<250km)
2026,France,Peugeot,Peugeot iOnPeugeot iOn,25159,85,1. Citadine (<250km)
2026,France,Renault,Renault Twingo ElectricRenault Twingo Electric,32315,135,1. Citadine (<250km)
2026,France,Peugeot,Peugeot iOnPeugeot iOn,33922,85,1. Citadine (<250km)
2026,France,Renault,Renault 4 E-Tech 40kWh 120hpRenault 4 E-Tech 40kWh 120hp,33931,245,1. Citadine (<250km)
2026,France,Renault,Renault Zoe R90 EntryRenault Zoe R90 Entry,34738,140,1. Citadine (<250km)
2026,France,Renault,Renault Kangoo E-Tech ElectricRenault Kangoo E-Tech Electric,41374,225,1. Citadine (<250km)
2026,France,Renault,Renault Kangoo Maxi ZE 33Renault Kangoo Maxi ZE 33,43856,160,1. Citadine (<250km)
2026,France,Peugeot,Peugeot e-Rifter M 50 kWhPeugeot e-Rifter M 50 kWh,44364,235,1. Citadine (<250km)
2026,France,Peugeot,Peugeot e-Rifter XL 50 kWhPeugeot e-Rifter XL 50 kWh,45518,230,1. Citadine (<250km)
2026,France,Renault,Renault Kangoo Grand E-Tech ElectricRenault Kangoo Grand E-Tech Electric,46453,220,1. Citadine (<250km)
2026,France,Peugeot,Peugeot e-Rifter Standard 50 kWhPeugeot e-Rifter Standard 50 kWh,47595,205,1. Citadine (<250km)
2026,France,Peugeot,Peugeot e-Rifter Long 50 kWhPeugeot e-Rifter Long 50 kWh,48980,200,1. Citadine (<250km)
2026,France,Peugeot,Peugeot e-Traveller L2 50 kWhPeugeot e-Traveller L2 50 kWh,53354,180,1. Citadine (<250km)
2026,France,Peugeot,Peugeot e-Traveller L3 50 kWhPeugeot e-Traveller L3 50 kWh,54508,180,1. Citadine (<250km)
2026,France,Peugeot,Peugeot e-Expert Combi Compact 50 kWhPeugeot e-Expert Combi Compact 50 kWh,56643,185,1. Citadine (<250km)
2026,France,Peugeot,Peugeot e-Traveller Compact 50 kWhPeugeot e-Traveller Compact 50 kWh,58721,185,1. Citadine (<250km)
2026,France,Peugeot,Peugeot e-Expert Combi Standard 50 kWhPeugeot e-Expert Combi Standard 50 kWh,59944,185,1. Citadine (<250km)
2026,France,Peugeot,Peugeot e-Expert Combi Long 50 kWhPeugeot e-Expert Combi Long 50 kWh,60856,185,1. Citadine (<250km)
2026,France,Peugeot,Peugeot e-Traveller Standard 50 kWhPeugeot e-Traveller Standard 50 kWh,61906,185,1. Citadine (<250km)
2026,France,Peugeot,Peugeot e-Traveller Long 50 kWhPeugeot e-Traveller Long 50 kWh,62818,185,1. Citadine (<250km)
2026,France,Renault,Renault 5 E-Tech 40kWh 95hpRenault 5 E-Tech 40kWh 95hp,28737,260,2. Standard (250-450km)
2026,France,Renault,Renault 5 E-Tech 40kWh 120hpRenault 5 E-Tech 40kWh 120hp,32199,260,2. Standard (250-450km)
2026,France,Renault,Renault Zoe ZE40 R110Renault Zoe ZE40 R110,34611,255,2. Standard (250-450km)
2026,France,Peugeot,Peugeot e-208 (MY20-21)Peugeot e-208,35142,270,2. Standard (250-450km)
2026,France,Renault,Renault 4 E-Tech 52kWh 150hpRenault 4 E-Tech 52kWh 150hp,37393,315,2. Standard (250-450km)
2026,France,Renault,Renault 5 E-Tech 52kWh 150hpRenault 5 E-Tech 52kWh 150hp,37970,335,2. Standard (250-450km)
2026,France,Renault,Renault Zoe R90Renault Zoe R90,38316,255,2. Standard (250-450km)
2026,France,Renault,Renault Zoe R90Renault Zoe R90,39355,255,2. Standard (250-450km)
2026,France,Peugeot,Peugeot e-2008 (MY20-21)Peugeot e-2008,40913,260,2. Standard (250-450km)
2026,France,Renault,Renault Zoe R110Renault Zoe R110,41432,250,2. Standard (250-450km)
2026,France,Renault,Renault Zoe ZE50 R110Renault Zoe ZE50 R110,42517,315,2. Standard (250-450km)
2026,France,Renault,Renault Zoe ZE50 R135Renault Zoe ZE50 R135,43671,310,2. Standard (250-450km)
2026,France,Peugeot,Peugeot e-2008 (MY22-23)Peugeot e-2008,43740,270,2. Standard (250-450km)
2026,France,DS,DS Automobiles DS 3 Crossback E-TenseDS Automobiles DS 3 Crossback E-Tense,44652,255,2. Standard (250-450km)
2026,France,Alpine,Alpine A290 Electric 180 hpAlpine A290 Electric 180 hp,44664,310,2. Standard (250-450km)
2026,France,Peugeot,Peugeot e-208 (MY22)Peugeot e-208,45125,285,2. Standard (250-450km)
2026,France,DS,DS Automobiles DS 3 Crossback E-TenseDS Automobiles DS 3 Crossback E-Tense,45518,265,2. Standard (250-450km)
2026,France,DS,DS Automobiles DS 3 E-TenseDS Automobiles DS 3 E-Tense,46787,300,2. Standard (250-450km)
2026,France,Renault,Renault Scenic E-Tech EV60 170hpRenault Scenic E-Tech EV60 170hp,47780,340,2. Standard (250-450km)
2026,France,Peugeot,Peugeot e-208 51 kWh (MY23)Peugeot e-208 51 kWh,48299,305,2. Standard (250-450km)
2026,France,Alpine,Alpine A290 Electric 220 hpAlpine A290 Electric 220 hp,48357,305,2. Standard (250-450km)
2026,France,Renault,Renault Megane E-Tech EV40 130hpRenault Megane E-Tech EV40 130hp,48472,260,2. Standard (250-450km)
2026,France,Peugeot,Peugeot e-308 58 kWh (MY26)Peugeot e-308 58 kWh,48974,345,2. Standard (250-450km)
2026,France,Peugeot,Peugeot e-308 SW 58 kWh (MY26)Peugeot e-308 SW 58 kWh,50128,340,2. Standard (250-450km)
2026,France,Peugeot,Peugeot e-308 (MY23-25)Peugeot e-308,51663,300,2. Standard (250-450km)
2026,France,Peugeot,Peugeot e-308 SW (MY23-25)Peugeot e-308 SW,52817,300,2. Standard (250-450km)
2026,France,Renault,Renault Megane E-Tech EV60 220hpRenault Megane E-Tech EV60 220hp,53781,380,2. Standard (250-450km)
2026,France,Renault,Renault Megane E-Tech EV60 130hpRenault Megane E-Tech EV60 130hp,54243,380,2. Standard (250-450km)
2026,France,Peugeot,Peugeot e-3008 73 kWhPeugeot e-3008 73 kWh,56262,380,2. Standard (250-450km)
2026,France,Peugeot,Peugeot e-5008 73 kWhPeugeot e-5008 73 kWh,59148,370,2. Standard (250-450km)
2026,France,Peugeot,Peugeot e-Traveller L2 75 kWhPeugeot e-Traveller L2 75 kWh,60279,265,2. Standard (250-450km)
2026,France,Peugeot,Peugeot e-Traveller L3 75 kWhPeugeot e-Traveller L3 75 kWh,61433,265,2. Standard (250-450km)
2026,France,DS,DS Automobiles N°8 FWDDS Automobiles N°8 FWD,66592,415,2. Standard (250-450km)
2026,France,Peugeot,Peugeot e-Expert Combi Standard 75 kWhPeugeot e-Expert Combi Standard 75 kWh,66869,265,2. Standard (250-450km)
2026,France,Peugeot,Peugeot e-Expert Combi Long 75 kWhPeugeot e-Expert Combi Long 75 kWh,67780,265,2. Standard (250-450km)
2026,France,Peugeot,Peugeot e-Traveller Standard 75 kWhPeugeot e-Traveller Standard 75 kWh,68831,265,2. Standard (250-450km)
2026,France,Peugeot,Peugeot e-3008 73 kWh Dual MotorPeugeot e-3008 73 kWh Dual Motor,69246,365,2. Standard (250-450km)
2026,France,Peugeot,Peugeot e-Traveller Long 75 kWhPeugeot e-Traveller Long 75 kWh,69742,265,2. Standard (250-450km)
2026,France,Peugeot,Peugeot e-5008 73 kWh Dual MotorPeugeot e-5008 73 kWh Dual Motor,72131,355,2. Standard (250-450km)
2026,France,Renault,Renault Scenic E-Tech EV87 220hpRenault Scenic E-Tech EV87 220hp,56435,480,3. Long Range (450-650km)
2026,France,Peugeot,Peugeot e-3008 97 kWh Long RangePeugeot e-3008 97 kWh Long Range,60994,500,3. Long Range (450-650km)
2026,France,Peugeot,Peugeot e-5008 97 kWh Long RangePeugeot e-5008 97 kWh Long Range,63879,485,3. Long Range (450-650km)
2026,France,DS,DS Automobiles N°8 FWD Long RangeDS Automobiles N°8 FWD Long Range,72939,545,3. Long Range (450-650km)
2026,France,Alpine,Alpine A390 GTAlpine A390 GT,77902,470,3. Long Range (450-650km)
2026,France,DS,DS Automobiles N°8 AWD Long RangeDS Automobiles N°8 AWD Long Range,86558,530,3. Long Range (450-650km)
2026,France,Alpine,Alpine A390 GTSAlpine A390 GTS,88866,470,3. Long Range (450-650km)
2026,Germany,Smart,Smart EQ forfourSmart EQ forfour,22066,95,1. Citadine (<250km)
2026,Germany,Volkswagen,Volkswagen e-Up!Volkswagen e-Up!,24722,205,1. Citadine (<250km)
2026,Germany,Smart,Smart EQ fortwo coupeSmart EQ fortwo coupe,25321,100,1. Citadine (<250km)
2026,Germany,Smart,Smart ForTwo Electric DriveSmart ForTwo Electric Drive,25321,100,1. Citadine (<250km)
2026,Germany,Smart,Smart ForFour Electric DriveSmart ForFour Electric Drive,26083,95,1. Citadine (<250km)
2026,Germany,Smart,Smart EQ forfourSmart EQ forfour,26083,95,1. Citadine (<250km)
2026,Germany,Volkswagen,Volkswagen e-Up!Volkswagen e-Up!,26515,100,1. Citadine (<250km)
2026,Germany,Smart,Smart EQ fortwo cabrioSmart EQ fortwo cabrio,29083,95,1. Citadine (<250km)
2026,Germany,Smart,Smart ForTwo Cabrio Electric DriveSmart ForTwo Cabrio Electric Drive,29083,95,1. Citadine (<250km)
2026,Germany,Volkswagen,Volkswagen e-Up!Volkswagen e-Up!,31045,95,1. Citadine (<250km)
2026,Germany,Opel,Opel Frontera Electric 44 kWhOpel Frontera Electric 44 kWh,33457,240,1. Citadine (<250km)
2026,Germany,Volkswagen,Volkswagen e-Up!Volkswagen e-Up!,34617,205,1. Citadine (<250km)
2026,Germany,Volkswagen,Volkswagen e-GolfVolkswagen e-Golf,36816,190,1. Citadine (<250km)
2026,Germany,Volkswagen,Volkswagen e-GolfVolkswagen e-Golf,40278,125,1. Citadine (<250km)
2026,Germany,BMW,BMW i3 60 AhBMW i3 60 Ah,40336,115,1. Citadine (<250km)
2026,Germany,BMW,BMW i3 94 AhBMW i3 94 Ah,42471,165,1. Citadine (<250km)
2026,Germany,BMW,BMW i3 94 AhBMW i3 94 Ah,43336,165,1. Citadine (<250km)
2026,Germany,Opel,Opel Combo Electric 50 kWhOpel Combo Electric 50 kWh,44548,235,1. Citadine (<250km)
2026,Germany,BMW,BMW i3 120 AhBMW i3 120 Ah,45010,235,1. Citadine (<250km)
2026,Germany,Opel,Opel Combo Electric XL 50 kWhOpel Combo Electric XL 50 kWh,45702,230,1. Citadine (<250km)
2026,Germany,BMW,BMW i3s 120 AhBMW i3s 120 Ah,49165,230,1. Citadine (<250km)
2026,Germany,Opel,Opel Combo-e Life 50 kWhOpel Combo-e Life 50 kWh,49684,205,1. Citadine (<250km)
2026,Germany,Opel,Opel Combo-e Life XL 50 kWhOpel Combo-e Life XL 50 kWh,51646,200,1. Citadine (<250km)
2026,Germany,BMW,BMW i3s 94 AhBMW i3s 94 Ah,52800,160,1. Citadine (<250km)
2026,Germany,Opel,Opel Zafira Electric 50 kWhOpel Zafira Electric 50 kWh,54877,180,1. Citadine (<250km)
2026,Germany,Opel,Opel Zafira Electric XL 50 kWhOpel Zafira Electric XL 50 kWh,56032,180,1. Citadine (<250km)
2026,Germany,Opel,Opel Vivaro-e Combi S 50 kWhOpel Vivaro-e Combi S 50 kWh,57270,185,1. Citadine (<250km)
2026,Germany,Opel,Opel Vivaro-e Combi M 50 kWhOpel Vivaro-e Combi M 50 kWh,58850,185,1. Citadine (<250km)
2026,Germany,Opel,Opel Vivaro-e Combi L 50 kWhOpel Vivaro-e Combi L 50 kWh,59811,180,1. Citadine (<250km)
2026,Germany,Opel,Opel Zafira-e Life S 50 kWhOpel Zafira-e Life S 50 kWh,65437,185,1. Citadine (<250km)
2026,Germany,Opel,Opel Zafira-e Life M 50 kWhOpel Zafira-e Life M 50 kWh,72997,185,1. Citadine (<250km)
2026,Germany,Opel,Opel Zafira-e Life L 50 kWhOpel Zafira-e Life L 50 kWh,73949,180,1. Citadine (<250km)
2026,Germany,Volkswagen,Volkswagen e-Caravelle L1 100 kW 64 kWhVolkswagen e-Caravelle L1 100 kW 64 kWh,76195,245,1. Citadine (<250km)
2026,Germany,Volkswagen,Volkswagen e-Caravelle L2 100 kW 64 kWhVolkswagen e-Caravelle L2 100 kW 64 kWh,77356,245,1. Citadine (<250km)
2026,Germany,Volkswagen,Volkswagen e-Caravelle L1 160 kW 64 kWhVolkswagen e-Caravelle L1 160 kW 64 kWh,78674,245,1. Citadine (<250km)
2026,Germany,Volkswagen,Volkswagen e-Caravelle L2 160 kW 64 kWhVolkswagen e-Caravelle L2 160 kW 64 kWh,79835,245,1. Citadine (<250km)
2026,Germany,Volkswagen,Volkswagen e-Caravelle L1 210 kW 64 kWhVolkswagen e-Caravelle L1 210 kW 64 kWh,81029,245,1. Citadine (<250km)
2026,Germany,Volkswagen,Volkswagen e-Caravelle L2 210 kW 64 kWhVolkswagen e-Caravelle L2 210 kW 64 kWh,82190,245,1. Citadine (<250km)
2026,Germany,Opel,Opel Corsa-e (MY20-21)Opel Corsa-e,34508,285,2. Standard (250-450km)
2026,Germany,Opel,Opel Frontera Electric 54 kWhOpel Frontera Electric 54 kWh,35996,290,2. Standard (250-450km)
2026,Germany,Volkswagen,Volkswagen ID.3 Pure PerformanceVolkswagen ID.3 Pure Performance,36885,275,2. Standard (250-450km)
2026,Germany,Opel,Opel Mokka-eOpel Mokka-e,39366,255,2. Standard (250-450km)
2026,Germany,Volkswagen,Volkswagen ID.3 ProVolkswagen ID.3 Pro,40388,350,2. Standard (250-450km)
2026,Germany,Volkswagen,Volkswagen ID.3 ProVolkswagen ID.3 Pro,40924,350,2. Standard (250-450km)
2026,Germany,Opel,Opel Corsa-e (MY22-23)Opel Corsa-e,42003,295,2. Standard (250-450km)
2026,Germany,Volkswagen,Volkswagen ID.3 Pro PerformanceVolkswagen ID.3 Pro Performance,42119,350,2. Standard (250-450km)
2026,Germany,Opel,Opel Mokka ElectricOpel Mokka Electric,42402,285,2. Standard (250-450km)
2026,Germany,Volkswagen,Volkswagen ID.4 PureVolkswagen ID.4 Pure,42644,285,2. Standard (250-450km)
2026,Germany,Opel,Opel Astra Electric 58 kWh (MY26)Opel Astra Electric 58 kWh,43844,345,2. Standard (250-450km)
2026,Germany,Volkswagen,Volkswagen ID.3 1stVolkswagen ID.3 1st,44995,350,2. Standard (250-450km)
2026,Germany,Opel,Opel Astra Sports Tourer Electric 58 kWh (MY26)Opel Astra Sports Tourer Electric 58 kWh,45575,335,2. Standard (250-450km)
2026,Germany,Volkswagen,Volkswagen ID.4 Pure PerformanceVolkswagen ID.4 Pure Performance,46112,285,2. Standard (250-450km)
2026,Germany,Volkswagen,Volkswagen ID.3 ProVolkswagen ID.3 Pro,46158,350,2. Standard (250-450km)
2026,Germany,Volkswagen,Volkswagen ID.4 Pure (MY26)Volkswagen ID.4 Pure,46551,285,2. Standard (250-450km)
2026,Germany,Opel,Opel Mokka-e 50 kWhOpel Mokka-e 50 kWh,46914,260,2. Standard (250-450km)
2026,Germany,Opel,Opel Astra Electric (MY23-25)Opel Astra Electric,48461,315,2. Standard (250-450km)
2026,Germany,Smart,Smart #1 Pro+ (MY23)Smart #1 Pro+,49038,335,2. Standard (250-450km)
2026,Germany,Opel,Opel Ampera-eOpel Ampera-e,49615,335,2. Standard (250-450km)
2026,Germany,Opel,Opel Astra Sports Tourer Electric (MY23-25)Opel Astra Sports Tourer Electric,50192,310,2. Standard (250-450km)
2026,Germany,Volkswagen,Volkswagen ID.3 Pro PerformanceVolkswagen ID.3 Pro Performance,50775,350,2. Standard (250-450km)
2026,Germany,Audi,Audi Q4 e-tron 35Audi Q4 e-tron 35,51588,285,2. Standard (250-450km)
2026,Germany,Opel,Opel Mokka-e 54 kWhOpel Mokka-e 54 kWh,51611,290,2. Standard (250-450km)
2026,Germany,Smart,Smart #1 Premium (MY23)Smart #1 Premium,51923,335,2. Standard (250-450km)
2026,Germany,Volkswagen,Volkswagen ID.5 Pure (MY26)Volkswagen ID.5 Pure,52246,320,2. Standard (250-450km)
2026,Germany,Audi,Audi Q4 e-tron 35Audi Q4 e-tron 35,52627,285,2. Standard (250-450km)
2026,Germany,Audi,Audi Q4 e-tron 40Audi Q4 e-tron 40,53262,325,2. Standard (250-450km)
2026,Germany,Volkswagen,Volkswagen ID.4 Pro PerformanceVolkswagen ID.4 Pro Performance,53475,410,2. Standard (250-450km)
2026,Germany,Volkswagen,Volkswagen ID.4 Pro (MY26)Volkswagen ID.4 Pro,53475,445,2. Standard (250-450km)
2026,Germany,Smart,Smart #1 Pulse (MY23)Smart #1 Pulse,53654,325,2. Standard (250-450km)
2026,Germany,Volkswagen,Volkswagen ID.5 ProVolkswagen ID.5 Pro,53683,430,2. Standard (250-450km)
2026,Germany,Audi,Audi Q4 Sportback e-tron 35Audi Q4 Sportback e-tron 35,53896,295,2. Standard (250-450km)
2026,Germany,Opel,Opel Grandland Electric 73 kWhOpel Grandland Electric 73 kWh,54185,370,2. Standard (250-450km)
2026,Germany,Opel,Opel Mokka Electric GSEOpel Mokka Electric GSE,54589,280,2. Standard (250-450km)
2026,Germany,Volkswagen,Volkswagen ID.5 Pro PerformanceVolkswagen ID.5 Pro Performance,54877,430,2. Standard (250-450km)
2026,Germany,Audi,Audi Q4 Sportback e-tron 35Audi Q4 Sportback e-tron 35,54935,300,2. Standard (250-450km)
2026,Germany,BMW,BMW iX1 eDrive20 (MY23-25)BMW iX1 eDrive20,55281,390,2. Standard (250-450km)
2026,Germany,Volkswagen,Volkswagen ID.5 ProVolkswagen ID.5 Pro,55322,430,2. Standard (250-450km)
2026,Germany,Audi,Audi Q4 Sportback e-tron 40Audi Q4 Sportback e-tron 40,55570,340,2. Standard (250-450km)
2026,Germany,Volkswagen,Volkswagen ID.4 1stVolkswagen ID.4 1st,56194,410,2. Standard (250-450km)
2026,Germany,Volkswagen,Volkswagen ID.5 Pro PerformanceVolkswagen ID.5 Pro Performance,56516,430,2. Standard (250-450km)
2026,Germany,Smart,Smart #1 Brabus (MY23)Smart #1 Brabus,56539,325,2. Standard (250-450km)
2026,Germany,Volkswagen,Volkswagen ID.4 Pro 4MOTION (MY26)Volkswagen ID.4 Pro 4MOTION,56574,435,2. Standard (250-450km)
2026,Germany,Volkswagen,Volkswagen ID.4 Pro 4MOTIONVolkswagen ID.4 Pro 4MOTION,56574,405,2. Standard (250-450km)
2026,Germany,BMW,BMW iX1 eDrive20 (MY26)BMW iX1 eDrive20,57013,400,2. Standard (250-450km)
2026,Germany,BMW,BMW iX2 eDrive20 (MY23-25)BMW iX2 eDrive20,57013,395,2. Standard (250-450km)
2026,Germany,Volkswagen,Volkswagen ID. Buzz NWB PureVolkswagen ID. Buzz NWB Pure,57703,265,2. Standard (250-450km)
2026,Germany,Volkswagen,Volkswagen ID.4 GTXVolkswagen ID.4 GTX,58184,400,2. Standard (250-450km)
2026,Germany,Opel,Opel Grandland Electric 73 kWh AWDOpel Grandland Electric 73 kWh AWD,59725,355,2. Standard (250-450km)
2026,Germany,Audi,Audi Q4 e-tron 40Audi Q4 e-tron 40,59898,405,2. Standard (250-450km)
2026,Germany,Opel,Opel Grandland Electric 82 kWhOpel Grandland Electric 82 kWh,59955,420,2. Standard (250-450km)
2026,Germany,Audi,Audi Q4 e-tron 45Audi Q4 e-tron 45,61110,420,2. Standard (250-450km)
2026,Germany,Volkswagen,Volkswagen ID.4 GTX (MY26)Volkswagen ID.4 GTX,61462,435,2. Standard (250-450km)
2026,Germany,Volkswagen,Volkswagen ID.4 GTXVolkswagen ID.4 GTX,61462,400,2. Standard (250-450km)
2026,Germany,Opel,Opel Zafira Electric 75 kWhOpel Zafira Electric 75 kWh,61802,265,2. Standard (250-450km)
2026,Germany,Volkswagen,Volkswagen ID.5 GTXVolkswagen ID.5 GTX,61877,405,2. Standard (250-450km)
2026,Germany,Audi,Audi Q4 Sportback e-tron 40Audi Q4 Sportback e-tron 40,62206,425,2. Standard (250-450km)
2026,Germany,Audi,Audi Q4 e-tron 45 quattroAudi Q4 e-tron 45 quattro,62310,385,2. Standard (250-450km)
2026,Germany,Opel,Opel Zafira Electric XL 75 kWhOpel Zafira Electric XL 75 kWh,62956,265,2. Standard (250-450km)
2026,Germany,Audi,Audi Q4 Sportback e-tron 45Audi Q4 Sportback e-tron 45,63418,435,2. Standard (250-450km)
2026,Germany,Audi,Audi Q4 e-tron 45 quattroAudi Q4 e-tron 45 quattro,63418,395,2. Standard (250-450km)
2026,Germany,BMW,BMW iX1 xDrive30 (MY23-25)BMW iX1 xDrive30,63475,380,2. Standard (250-450km)
2026,Germany,BMW,BMW iX2 eDrive20 (MY26)BMW iX2 eDrive20,63591,405,2. Standard (250-450km)
2026,Germany,Audi,Audi Q4 Sportback e-tron 45 quattroAudi Q4 Sportback e-tron 45 quattro,64514,400,2. Standard (250-450km)
2026,Germany,Volkswagen,Volkswagen ID.5 GTXVolkswagen ID.5 GTX,65155,405,2. Standard (250-450km)
2026,Germany,BMW,BMW i4 eDrive35BMW i4 eDrive35,65207,430,2. Standard (250-450km)
2026,Germany,BMW,BMW iX2 xDrive30 (MY23-25)BMW iX2 xDrive30,65207,385,2. Standard (250-450km)
2026,Germany,BMW,BMW iX1 xDrive30 (MY26)BMW iX1 xDrive30,65322,390,2. Standard (250-450km)
2026,Germany,Opel,Opel Vivaro-e Combi M 75 kWhOpel Vivaro-e Combi M 75 kWh,65717,265,2. Standard (250-450km)
2026,Germany,Audi,Audi Q4 Sportback e-tron 45 quattroAudi Q4 Sportback e-tron 45 quattro,65726,410,2. Standard (250-450km)
2026,Germany,BMW,BMW i4 eDrive35BMW i4 eDrive35,66361,430,2. Standard (250-450km)
2026,Germany,BMW,BMW i4 eDrive35BMW i4 eDrive35,66476,435,2. Standard (250-450km)
2026,Germany,Opel,Opel Vivaro-e Combi L 75 kWhOpel Vivaro-e Combi L 75 kWh,66678,265,2. Standard (250-450km)
2026,Germany,Audi,Audi Q4 e-tron 50 quattroAudi Q4 e-tron 50 quattro,66822,385,2. Standard (250-450km)
2026,Germany,Volkswagen,Volkswagen ID.5 GTX (MY26)Volkswagen ID.5 GTX,67809,445,2. Standard (250-450km)
2026,Germany,Audi,Audi Q4 e-tron 55 quattroAudi Q4 e-tron 55 quattro,68092,395,2. Standard (250-450km)
2026,Germany,Audi,Audi Q4 Sportback e-tron 50 quattroAudi Q4 Sportback e-tron 50 quattro,69131,400,2. Standard (250-450km)
2026,Germany,Volkswagen,Volkswagen ID. Buzz NWB ProVolkswagen ID. Buzz NWB Pro,70275,370,2. Standard (250-450km)
2026,Germany,Audi,Audi Q4 Sportback e-tron 55 quattroAudi Q4 Sportback e-tron 55 quattro,70400,415,2. Standard (250-450km)
2026,Germany,BMW,BMW iX2 xDrive30 (MY26)BMW iX2 xDrive30,71785,395,2. Standard (250-450km)
2026,Germany,Volkswagen,Volkswagen ID. Buzz LWB ProVolkswagen ID. Buzz LWB Pro,72384,390,2. Standard (250-450km)
2026,Germany,Volkswagen,Volkswagen e-Transporter Kombi L1 100 kW 64 kWhVolkswagen e-Transporter Kombi L1 100 kW 64 kWh,72384,255,2. Standard (250-450km)
2026,Germany,Volkswagen,Volkswagen e-Transporter Kombi L2 100 kW 64 kWhVolkswagen e-Transporter Kombi L2 100 kW 64 kWh,73545,250,2. Standard (250-450km)
2026,Germany,Volkswagen,Volkswagen ID. Buzz ProVolkswagen ID. Buzz Pro,74533,345,2. Standard (250-450km)
2026,Germany,Volkswagen,Volkswagen e-Transporter Kombi L1 160 kW 64 kWhVolkswagen e-Transporter Kombi L1 160 kW 64 kWh,74863,255,2. Standard (250-450km)
2026,Germany,Volkswagen,Volkswagen e-Transporter Kombi L2 160 kW 64 kWhVolkswagen e-Transporter Kombi L2 160 kW 64 kWh,76023,250,2. Standard (250-450km)
2026,Germany,Volkswagen,Volkswagen e-Transporter Kombi L1 210 kW 64 kWhVolkswagen e-Transporter Kombi L1 210 kW 64 kWh,77219,255,2. Standard (250-450km)
2026,Germany,BMW,BMW iX3 (MY22-24)BMW iX3,77671,385,2. Standard (250-450km)
2026,Germany,BMW,BMW iX3 (MY21)BMW iX3,77671,385,2. Standard (250-450km)
2026,Germany,Volkswagen,Volkswagen e-Transporter Kombi L2 210 kW 64 kWhVolkswagen e-Transporter Kombi L2 210 kW 64 kWh,78378,250,2. Standard (250-450km)
2026,Germany,Audi,Audi e-tron 50 quattroAudi e-tron 50 quattro,79748,280,2. Standard (250-450km)
2026,Germany,Opel,Opel Zafira-e Life M 75 kWhOpel Zafira-e Life M 75 kWh,79921,265,2. Standard (250-450km)
2026,Germany,Opel,Opel Zafira-e Life L 75 kWhOpel Zafira-e Life L 75 kWh,80874,265,2. Standard (250-450km)
2026,Germany,Audi,Audi e-tron Sportback 50 quattroAudi e-tron Sportback 50 quattro,82345,295,2. Standard (250-450km)
2026,Germany,Volkswagen,Volkswagen ID. Buzz NWB GTXVolkswagen ID. Buzz NWB GTX,84367,360,2. Standard (250-450km)
2026,Germany,Volkswagen,Volkswagen ID. Buzz LWB GTX Volkswagen ID. Buzz LWB GTX,86474,380,2. Standard (250-450km)
2026,Germany,Audi,Audi Q8 SUV e-tron 50 quattroAudi Q8 SUV e-tron 50 quattro,87596,425,2. Standard (250-450km)
2026,Germany,BMW,BMW iX xDrive40BMW iX xDrive40,89212,360,2. Standard (250-450km)
2026,Germany,Audi,Audi Q8 Sportback e-tron 50 quattroAudi Q8 Sportback e-tron 50 quattro,90193,445,2. Standard (250-450km)
2026,Germany,Audi,Audi e-tron 55 quattroAudi e-tron 55 quattro,91687,365,2. Standard (250-450km)
2026,Germany,Audi,Audi e-tron 55 quattroAudi e-tron 55 quattro,93367,365,2. Standard (250-450km)
2026,Germany,Audi,Audi e-tron 55 quattroAudi e-tron 55 quattro,94059,365,2. Standard (250-450km)
2026,Germany,Audi,Audi e-tron Sportback 55 quattroAudi e-tron Sportback 55 quattro,94220,380,2. Standard (250-450km)
2026,Germany,Audi,Audi e-tron Sportback 55 quattroAudi e-tron Sportback 55 quattro,96656,380,2. Standard (250-450km)
2026,Germany,Porsche,Porsche TaycanPorsche Taycan,102021,410,2. Standard (250-450km)
2026,Germany,Porsche,Porsche TaycanPorsche Taycan,107492,420,2. Standard (250-450km)
2026,Germany,Audi,Audi e-tron SAudi e-tron S,108255,320,2. Standard (250-450km)
2026,Germany,Porsche,Porsche Taycan Sport TurismoPorsche Taycan Sport Turismo,108590,380,2. Standard (250-450km)
2026,Germany,Audi,Audi e-tron S SportbackAudi e-tron S Sportback,110851,330,2. Standard (250-450km)
2026,Germany,Audi,Audi e-tron S SportbackAudi e-tron S Sportback,110851,335,2. Standard (250-450km)
2026,Germany,Porsche,Porsche Taycan 4 Cross TurismoPorsche Taycan 4 Cross Turismo,113695,420,2. Standard (250-450km)
2026,Germany,BMW,BMW i5 M60 xDrive Sedan (MY23-24)BMW i5 M60 xDrive Sedan,114833,420,2. Standard (250-450km)
2026,Germany,Porsche,Porsche Taycan Plus Sport TurismoPorsche Taycan Plus Sport Turismo,115196,445,2. Standard (250-450km)
2026,Germany,Porsche,Porsche Taycan 4 Cross TurismoPorsche Taycan 4 Cross Turismo,119165,440,2. Standard (250-450km)
2026,Germany,Audi,Audi e-tron GT quattroAudi e-tron GT quattro,122392,415,2. Standard (250-450km)
2026,Germany,Porsche,Porsche Taycan 4SPorsche Taycan 4S,125643,395,2. Standard (250-450km)
2026,Germany,Porsche,Porsche Taycan 4S Cross TurismoPorsche Taycan 4S Cross Turismo,131824,420,2. Standard (250-450km)
2026,Germany,Porsche,Porsche Taycan 4SPorsche Taycan 4S,132213,415,2. Standard (250-450km)
2026,Germany,Porsche,Porsche Taycan 4S Sport TurismoPorsche Taycan 4S Sport Turismo,132213,370,2. Standard (250-450km)
2026,Germany,Porsche,Porsche Taycan 4S Cross TurismoPorsche Taycan 4S Cross Turismo,138393,440,2. Standard (250-450km)
2026,Germany,Porsche,Porsche Taycan 4S Plus Sport TurismoPorsche Taycan 4S Plus Sport Turismo,138585,430,2. Standard (250-450km)
2026,Germany,Porsche,Porsche Taycan 4S Sport TurismoPorsche Taycan 4S Sport Turismo,140569,440,2. Standard (250-450km)
2026,Germany,Porsche,Porsche Taycan GTS Sport TurismoPorsche Taycan GTS Sport Turismo,162564,425,2. Standard (250-450km)
2026,Germany,Audi,Audi RS e-tron GTAudi RS e-tron GT,168556,400,2. Standard (250-450km)
2026,Germany,Porsche,Porsche Taycan TurboPorsche Taycan Turbo,180441,415,2. Standard (250-450km)
2026,Germany,Porsche,Porsche Taycan Turbo Cross TurismoPorsche Taycan Turbo Cross Turismo,182089,395,2. Standard (250-450km)
2026,Germany,Porsche,Porsche Taycan TurboPorsche Taycan Turbo,189757,445,2. Standard (250-450km)
2026,Germany,Porsche,Porsche Taycan Turbo Sport TurismoPorsche Taycan Turbo Sport Turismo,190856,405,2. Standard (250-450km)
2026,Germany,Porsche,Porsche Taycan Turbo Cross TurismoPorsche Taycan Turbo Cross Turismo,191405,425,2. Standard (250-450km)
2026,Germany,Porsche,Porsche Taycan Turbo SPorsche Taycan Turbo S,218896,400,2. Standard (250-450km)
2026,Germany,Porsche,Porsche Taycan Turbo S Cross TurismoPorsche Taycan Turbo S Cross Turismo,220544,380,2. Standard (250-450km)
2026,Germany,Porsche,Porsche Taycan Turbo SPorsche Taycan Turbo S,228212,430,2. Standard (250-450km)
2026,Germany,Porsche,Porsche Taycan Turbo S Sport TurismoPorsche Taycan Turbo S Sport Turismo,229310,395,2. Standard (250-450km)
2026,Germany,Porsche,Porsche Taycan Turbo S Cross TurismoPorsche Taycan Turbo S Cross Turismo,229860,410,2. Standard (250-450km)
2026,Germany,Volkswagen,Volkswagen ID.3 Pro SVolkswagen ID.3 Pro S,48466,450,3. Long Range (450-650km)
2026,Germany,Volkswagen,Volkswagen ID.3 Pro S - 5 SeatsVolkswagen ID.3 Pro S - 5 Seats,50457,450,3. Long Range (450-650km)
2026,Germany,Volkswagen,Volkswagen ID.3 Pro S (MY26)Volkswagen ID.3 Pro S,50809,475,3. Long Range (450-650km)
2026,Germany,Volkswagen,Volkswagen ID.3 Pro S - 4 SeatsVolkswagen ID.3 Pro S - 4 Seats,54929,455,3. Long Range (450-650km)
2026,Germany,Volkswagen,Volkswagen ID.5 Pro (MY26)Volkswagen ID.5 Pro,59171,455,3. Long Range (450-650km)
2026,Germany,Opel,Opel Grandland Electric 97 kWhOpel Grandland Electric 97 kWh,59725,490,3. Long Range (450-650km)
2026,Germany,Volkswagen,Volkswagen ID.7 Pro (MY26)Volkswagen ID.7 Pro,62443,475,3. Long Range (450-650km)
2026,Germany,Volkswagen,Volkswagen ID.7 Tourer Pro (MY26)Volkswagen ID.7 Tourer Pro,63366,470,3. Long Range (450-650km)
2026,Germany,Volkswagen,Volkswagen ID.3 Pro S - 4 SeatsVolkswagen ID.3 Pro S - 4 Seats,65207,450,3. Long Range (450-650km)
2026,Germany,Volkswagen,Volkswagen ID.7 Pro S (MY26)Volkswagen ID.7 Pro S,68202,525,3. Long Range (450-650km)
2026,Germany,BMW,BMW i4 eDrive40BMW i4 eDrive40,68323,515,3. Long Range (450-650km)
2026,Germany,Volkswagen,Volkswagen ID.7 Tourer Pro S (MY26)Volkswagen ID.7 Tourer Pro S,69125,520,3. Long Range (450-650km)
2026,Germany,BMW,BMW i4 eDrive40BMW i4 eDrive40,69823,515,3. Long Range (450-650km)
2026,Germany,BMW,BMW i4 eDrive40BMW i4 eDrive40,69938,525,3. Long Range (450-650km)
2026,Germany,BMW,BMW i4 xDrive40BMW i4 xDrive40,72708,490,3. Long Range (450-650km)
2026,Germany,Volkswagen,Volkswagen ID.7 GTX (MY26)Volkswagen ID.7 GTX,73014,500,3. Long Range (450-650km)
2026,Germany,Volkswagen,Volkswagen ID.7 Tourer GTX (MY26)Volkswagen ID.7 Tourer GTX,73937,500,3. Long Range (450-650km)
2026,Germany,BMW,BMW i4 xDrive40BMW i4 xDrive40,73978,495,3. Long Range (450-650km)
2026,Germany,BMW,BMW i5 eDrive40 Sedan (MY23-24)BMW i5 eDrive40 Sedan,81018,470,3. Long Range (450-650km)
2026,Germany,BMW,BMW i4 M50BMW i4 M50,81710,450,3. Long Range (450-650km)
2026,Germany,BMW,BMW iX3 50 xDrive (MY26)BMW iX3 50 xDrive,81826,610,3. Long Range (450-650km)
2026,Germany,BMW,BMW i4 M50BMW i4 M50,83211,450,3. Long Range (450-650km)
2026,Germany,BMW,BMW i4 M60 xDriveBMW i4 M60 xDrive,84134,465,3. Long Range (450-650km)
2026,Germany,Audi,Audi Q6 SUV e-tron quattro (MY26)Audi Q6 SUV e-tron quattro,86211,480,3. Long Range (450-650km)
2026,Germany,Audi,Audi Q6 Sportback e-tron quattro (MY26)Audi Q6 Sportback e-tron quattro,88981,500,3. Long Range (450-650km)
2026,Germany,Porsche,Porsche Macan Electric (MY26)Porsche Macan Electric,93713,495,3. Long Range (450-650km)
2026,Germany,BMW,BMW iX xDrive45BMW iX xDrive45,96367,470,3. Long Range (450-650km)
2026,Germany,Porsche,Porsche Macan 4 Electric (MY26)Porsche Macan 4 Electric,97637,470,3. Long Range (450-650km)
2026,Germany,Audi,Audi Q8 SUV e-tron 55 quattroAudi Q8 SUV e-tron 55 quattro,100753,505,3. Long Range (450-650km)
2026,Germany,Audi,Audi Q8 Sportback e-tron 55 quattroAudi Q8 Sportback e-tron 55 quattro,103350,525,3. Long Range (450-650km)
2026,Germany,Porsche,Porsche Macan 4S Electric (MY26)Porsche Macan 4S Electric,105254,470,3. Long Range (450-650km)
2026,Germany,Porsche,Porsche Taycan PlusPorsche Taycan Plus,108627,475,3. Long Range (450-650km)
2026,Germany,Audi,Audi SQ8 SUV e-tronAudi SQ8 SUV e-tron,113217,455,3. Long Range (450-650km)
2026,Germany,Porsche,Porsche Taycan PlusPorsche Taycan Plus,114098,485,3. Long Range (450-650km)
2026,Germany,BMW,BMW iX xDrive60BMW iX xDrive60,115295,525,3. Long Range (450-650km)
2026,Germany,BMW,BMW iX xDrive50BMW iX xDrive50,115525,505,3. Long Range (450-650km)
2026,Germany,Audi,Audi SQ8 Sportback e-tronAudi SQ8 Sportback e-tron,115814,480,3. Long Range (450-650km)
2026,Germany,Porsche,Porsche TaycanPorsche Taycan,117141,495,3. Long Range (450-650km)
2026,Germany,Porsche,Porsche Taycan Sport TurismoPorsche Taycan Sport Turismo,118180,460,3. Long Range (450-650km)
2026,Germany,Porsche,Porsche Macan GTS Electric (MY26)Porsche Macan GTS Electric,120257,465,3. Long Range (450-650km)
2026,Germany,Porsche,Porsche Cayenne Electric (MY26)Porsche Cayenne Electric,121411,520,3. Long Range (450-650km)
2026,Germany,Porsche,Porsche Taycan 4Porsche Taycan 4,122565,490,3. Long Range (450-650km)
2026,Germany,Porsche,Porsche Taycan PlusPorsche Taycan Plus,123747,575,3. Long Range (450-650km)
2026,Germany,Porsche,Porsche Taycan Plus Sport TurismoPorsche Taycan Plus Sport Turismo,124786,530,3. Long Range (450-650km)
2026,Germany,Audi,Audi e-tron GT quattroAudi e-tron GT quattro,125681,540,3. Long Range (450-650km)
2026,Germany,Porsche,Porsche Taycan 4 PlusPorsche Taycan 4 Plus,129171,565,3. Long Range (450-650km)
2026,Germany,Porsche,Porsche Taycan 4 Cross TurismoPorsche Taycan 4 Cross Turismo,130529,510,3. Long Range (450-650km)
2026,Germany,Porsche,Porsche Taycan 4S PlusPorsche Taycan 4S Plus,132016,460,3. Long Range (450-650km)
2026,Germany,Porsche,Porsche Macan Turbo Electric (MY26)Porsche Macan Turbo Electric,133299,465,3. Long Range (450-650km)
2026,Germany,BMW,BMW i7 eDrive50BMW i7 eDrive50,133529,520,3. Long Range (450-650km)
2026,Germany,Porsche,Porsche Taycan 4S PlusPorsche Taycan 4S Plus,138585,480,3. Long Range (450-650km)
2026,Germany,Porsche,Porsche Taycan 4SPorsche Taycan 4S,139531,490,3. Long Range (450-650km)
2026,Germany,BMW,BMW iX M70 xDriveBMW iX M70 xDrive,144147,500,3. Long Range (450-650km)
2026,Germany,Audi,Audi S e-tron GTAudi S e-tron GT,145417,540,3. Long Range (450-650km)
2026,Germany,Porsche,Porsche Cayenne S Electric (MY26)Porsche Cayenne S Electric,145878,515,3. Long Range (450-650km)
2026,Germany,Porsche,Porsche Taycan 4S Cross TurismoPorsche Taycan 4S Cross Turismo,145878,510,3. Long Range (450-650km)
2026,Germany,Porsche,Porsche Taycan 4S PlusPorsche Taycan 4S Plus,145904,565,3. Long Range (450-650km)
2026,Germany,Porsche,Porsche Taycan 4S Plus Sport TurismoPorsche Taycan 4S Plus Sport Turismo,146942,510,3. Long Range (450-650km)
2026,Germany,BMW,BMW iX M60BMW iX M60,157073,485,3. Long Range (450-650km)
2026,Germany,BMW,BMW i7 xDrive60BMW i7 xDrive60,161459,510,3. Long Range (450-650km)
2026,Germany,Porsche,Porsche Taycan GTSPorsche Taycan GTS,161466,450,3. Long Range (450-650km)
2026,Germany,Audi,Audi RS e-tron GTAudi RS e-tron GT,170230,525,3. Long Range (450-650km)
2026,Germany,Porsche,Porsche Taycan GTSPorsche Taycan GTS,170461,535,3. Long Range (450-650km)
2026,Germany,Porsche,Porsche Taycan GTS Sport TurismoPorsche Taycan GTS Sport Turismo,171499,505,3. Long Range (450-650km)
2026,Germany,Audi,Audi RS e-tron GT performanceAudi RS e-tron GT performance,185233,525,3. Long Range (450-650km)
2026,Germany,Porsche,Porsche Cayenne Turbo Electric (MY26)Porsche Cayenne Turbo Electric,191004,495,3. Long Range (450-650km)
2026,Germany,Porsche,Porsche Taycan TurboPorsche Taycan Turbo,202660,535,3. Long Range (450-650km)
2026,Germany,Porsche,Porsche Taycan Turbo Sport TurismoPorsche Taycan Turbo Sport Turismo,203814,505,3. Long Range (450-650km)
2026,Germany,Porsche,Porsche Taycan Turbo Cross TurismoPorsche Taycan Turbo Cross Turismo,204276,495,3. Long Range (450-650km)
2026,Germany,BMW,BMW i7 M70 xDriveBMW i7 M70 xDrive,209815,490,3. Long Range (450-650km)
2026,Germany,Porsche,Porsche Taycan Turbo SPorsche Taycan Turbo S,242246,525,3. Long Range (450-650km)
2026,Germany,Porsche,Porsche Taycan Turbo S Sport TurismoPorsche Taycan Turbo S Sport Turismo,243284,505,3. Long Range (450-650km)
2026,Germany,Porsche,Porsche Taycan Turbo S Cross TurismoPorsche Taycan Turbo S Cross Turismo,243861,485,3. Long Range (450-650km)
2026,Germany,Porsche,Porsche Taycan Turbo GTPorsche Taycan Turbo GT,276984,475,3. Long Range (450-650km)
2026,Germany,Porsche,Porsche Taycan Turbo GT WeissachPorsche Taycan Turbo GT Weissach,276984,475,3. Long Range (450-650km)
2026,Italy,Fiat,Fiat 500e Hatchback 24 kWhFiat 500e Hatchback 24 kWh,35766,135,1. Citadine (<250km)
2026,Italy,Fiat,Fiat 500e Hatchback 42 kWhFiat 500e Hatchback 42 kWh,40382,235,1. Citadine (<250km)
2026,Italy,Fiat,Fiat 500e Cabrio 24 kWhFiat 500e Cabrio 24 kWh,40959,135,1. Citadine (<250km)
2026,Italy,Fiat,Fiat 500e 3+1 42 kWhFiat 500e 3+1 42 kWh,42690,235,1. Citadine (<250km)
2026,Italy,Abarth,Abarth 500e HatchbackAbarth 500e Hatchback,43844,225,1. Citadine (<250km)
2026,Italy,Fiat,Fiat 500e Cabrio 42 kWhFiat 500e Cabrio 42 kWh,43844,230,1. Citadine (<250km)
2026,Italy,Abarth,Abarth 500e ConvertibleAbarth 500e Convertible,47307,225,1. Citadine (<250km)
2026,Italy,Abarth,Abarth 500e ScorpionissimaAbarth 500e Scorpionissima,49626,225,1. Citadine (<250km)
2026,Italy,Fiat,Fiat E-Ulysse L2 50 kWhFiat E-Ulysse L2 50 kWh,64618,185,1. Citadine (<250km)
2026,Italy,Fiat,Fiat E-Ulysse L3 50 kWhFiat E-Ulysse L3 50 kWh,65772,180,1. Citadine (<250km)
2026,Italy,Fiat,Fiat Grande PandaFiat Grande Panda,28841,260,2. Standard (250-450km)
2026,Italy,Fiat,Fiat 600eFiat 600e,42113,310,2. Standard (250-450km)
2026,Italy,Alfa,Alfa Romeo Junior Elettrica 54 kWhAlfa Romeo Junior Elettrica 54 kWh,45587,320,2. Standard (250-450km)
2026,Italy,Abarth,Abarth 600e TurismoAbarth 600e Turismo,51923,280,2. Standard (250-450km)
2026,Italy,Alfa,Alfa Romeo Junior Elettrica 54 kWh VeloceAlfa Romeo Junior Elettrica 54 kWh Veloce,55974,310,2. Standard (250-450km)
2026,Italy,Abarth,Abarth 600e ScorpionissimaAbarth 600e Scorpionissima,56539,280,2. Standard (250-450km)
2026,Italy,Fiat,Fiat E-Ulysse L2 75 kWhFiat E-Ulysse L2 75 kWh,71543,265,2. Standard (250-450km)
2026,Italy,Fiat,Fiat E-Ulysse L3 75 kWhFiat E-Ulysse L3 75 kWh,72697,265,2. Standard (250-450km)
2026,Italy,Maserati,Maserati GranTurismo FolgoreMaserati GranTurismo Folgore,228756,420,2. Standard (250-450km)
2026,Italy,Maserati,Maserati GranCabrio FolgoreMaserati GranCabrio Folgore,238567,395,2. Standard (250-450km)
2026,Italy,Maserati,Maserati Grecale Folgore (MY26)Maserati Grecale Folgore,126062,450,3. Long Range (450-650km)
2026,Japan,Nissan,Nissan LEAF 24 kWh (MY14-17)Nissan LEAF 24 kWh,34265,135,1. Citadine (<250km)
2026,Japan,Nissan,Nissan LEAF 40 kWh (MY18-22)Nissan LEAF 40 kWh,34611,235,1. Citadine (<250km)
2026,Japan,Honda,Honda eHonda e,39066,170,1. Citadine (<250km)
2026,Japan,Nissan,Nissan LEAF 30 kWh (MY15-17)Nissan LEAF 30 kWh,39193,170,1. Citadine (<250km)
2026,Japan,Nissan,Nissan LEAF 24 kWh (MY11-13)Nissan LEAF 24 kWh,39228,125,1. Citadine (<250km)
2026,Japan,Mazda,Mazda MX-30Mazda MX-30,39805,170,1. Citadine (<250km)
2026,Japan,Nissan,Nissan LEAF 40 kWh (MY23-25)Nissan LEAF 40 kWh,41432,235,1. Citadine (<250km)
2026,Japan,Mazda,Mazda MX-30Mazda MX-30,41536,170,1. Citadine (<250km)
2026,Japan,Nissan,Nissan e-NV200 EvaliaNissan e-NV200 Evalia,43396,105,1. Citadine (<250km)
2026,Japan,Toyota,Toyota Proace City Verso L1 50 kWhToyota Proace City Verso L1 50 kWh,43625,210,1. Citadine (<250km)
2026,Japan,Toyota,Toyota Proace City Verso L1 50 kWhToyota Proace City Verso L1 50 kWh,44814,235,1. Citadine (<250km)
2026,Japan,Honda,Honda e AdvanceHonda e Advance,46049,170,1. Citadine (<250km)
2026,Japan,Nissan,Nissan Townstar EV PassengerNissan Townstar EV Passenger,46152,225,1. Citadine (<250km)
2026,Japan,Toyota,Toyota Proace City Verso L2 50 kWhToyota Proace City Verso L2 50 kWh,46337,205,1. Citadine (<250km)
2026,Japan,Toyota,Toyota Proace City Verso L2 50 kWhToyota Proace City Verso L2 50 kWh,46453,230,1. Citadine (<250km)
2026,Japan,Nissan,Nissan e-NV200 EvaliaNissan e-NV200 Evalia,50469,170,1. Citadine (<250km)
2026,Japan,Toyota,Toyota Proace Verso M 50 kWhToyota Proace Verso M 50 kWh,51046,180,1. Citadine (<250km)
2026,Japan,Lexus,Lexus UX 300eLexus UX 300e,54877,235,1. Citadine (<250km)
2026,Japan,Toyota,Toyota Proace Verso M 50 kWhToyota Proace Verso M 50 kWh,67549,185,1. Citadine (<250km)
2026,Japan,Toyota,Toyota Proace Verso L 50 kWhToyota Proace Verso L 50 kWh,68536,180,1. Citadine (<250km)
2026,Japan,Nissan,Nissan Micra Standard Range 40 kWhNissan Micra Standard Range 40 kWh,32303,260,2. Standard (250-450km)
2026,Japan,Toyota,Toyota Urban Cruiser 48.8 kWhToyota Urban Cruiser 48.8 kWh,36920,270,2. Standard (250-450km)
2026,Japan,Nissan,Nissan Micra Extended Range 52 kWhNissan Micra Extended Range 52 kWh,38074,330,2. Standard (250-450km)
2026,Japan,Nissan,Nissan LEAF Standard Range 52 kWh (MY26)Nissan LEAF Standard Range 52 kWh,41490,330,2. Standard (250-450km)
2026,Japan,Nissan,Nissan LEAF e+ 62 kWh (MY19-22)Nissan LEAF e+ 62 kWh,43336,345,2. Standard (250-450km)
2026,Japan,Honda,Honda e:Ny1Honda e:Ny1,44998,335,2. Standard (250-450km)
2026,Japan,Toyota,Toyota Urban Cruiser 61.1 kWhToyota Urban Cruiser 61.1 kWh,44998,330,2. Standard (250-450km)
2026,Japan,Nissan,Nissan LEAF e+ 62 kWh (MY23-25)Nissan LEAF e+ 62 kWh,47434,340,2. Standard (250-450km)
2026,Japan,Toyota,Toyota C-HR+ 57.7 kWh (MY26)Toyota C-HR+ 57.7 kWh,48461,330,2. Standard (250-450km)
2026,Japan,Toyota,Toyota bZ4X FWD (MY22-24)Toyota bZ4X FWD,49511,350,2. Standard (250-450km)
2026,Japan,Nissan,Nissan Ariya 63kWhNissan Ariya 63kWh,50192,335,2. Standard (250-450km)
2026,Japan,Toyota,Toyota Urban Cruiser 61.1 kWh AWDToyota Urban Cruiser 61.1 kWh AWD,51104,310,2. Standard (250-450km)
2026,Japan,Toyota,Toyota C-HR+ 77 kWh (MY26)Toyota C-HR+ 77 kWh,53077,430,2. Standard (250-450km)
2026,Japan,Toyota,Toyota bZ4X AWD (MY22-24)Toyota bZ4X AWD,58271,345,2. Standard (250-450km)
2026,Japan,Toyota,Toyota C-HR+ 77 kWh AWD (MY26)Toyota C-HR+ 77 kWh AWD,62310,385,2. Standard (250-450km)
2026,Japan,Lexus,Lexus RZ 300e (MY23-25)Lexus RZ 300e,64156,355,2. Standard (250-450km)
2026,Japan,Lexus,Lexus RZ 350e (MY26)Lexus RZ 350e,65899,400,2. Standard (250-450km)
2026,Japan,Subaru,Subaru Solterra AWD (MY22-25)Subaru Solterra AWD,66349,320,2. Standard (250-450km)
2026,Japan,Nissan,Nissan Ariya e-4ORCE 87kWh - 225 kWNissan Ariya e-4ORCE 87kWh - 225 kW,66349,405,2. Standard (250-450km)
2026,Japan,Toyota,Toyota Proace Verso L 75 kWhToyota Proace Verso L 75 kWh,67163,265,2. Standard (250-450km)
2026,Japan,Lexus,Lexus RZ 500e (MY26)Lexus RZ 500e,72708,395,2. Standard (250-450km)
2026,Japan,Nissan,Nissan Ariya e-4ORCE 87kWh - 320 kW NismoNissan Ariya e-4ORCE 87kWh - 320 kW Nismo,73851,385,2. Standard (250-450km)
2026,Japan,Toyota,Toyota Proace Verso M 75 kWhToyota Proace Verso M 75 kWh,74474,265,2. Standard (250-450km)
2026,Japan,Toyota,Toyota Proace Verso L 75 kWhToyota Proace Verso L 75 kWh,75461,265,2. Standard (250-450km)
2026,Japan,Lexus,Lexus RZ 450e (MY23-25)Lexus RZ 450e,78352,350,2. Standard (250-450km)
2026,Japan,Nissan,Nissan Ariya e-4ORCE 87kWh - 290 kWNissan Ariya e-4ORCE 87kWh - 290 kW,82507,405,2. Standard (250-450km)
2026,Japan,Lexus,Lexus RZ 550e F SPORT (MY26)Lexus RZ 550e F SPORT,90828,390,2. Standard (250-450km)
2026,Japan,Nissan,Nissan LEAF Extended Range 75 kWh (MY26)Nissan LEAF Extended Range 75 kWh,47549,460,3. Long Range (450-650km)
2026,Japan,Nissan,Nissan Ariya 87kWhNissan Ariya 87kWh,61733,450,3. Long Range (450-650km)
2026,South Korea,Kia,Kia EV2 42.2 kWh (MY27)Kia EV2 42.2 kWh,30699,240,1. Citadine (<250km)
2026,South Korea,Kia,Kia Soul EVKia Soul EV,33342,155,1. Citadine (<250km)
2026,South Korea,Kia,Kia Soul EVKia Soul EV,34034,170,1. Citadine (<250km)
2026,South Korea,Kia,Kia e-Soul 39 kWhKia e-Soul 39 kWh,38239,230,1. Citadine (<250km)
2026,South Korea,Hyundai,Hyundai IONIQ ElectricHyundai IONIQ Electric,38432,190,1. Citadine (<250km)
2026,South Korea,Kia,Kia e-Niro 39 kWhKia e-Niro 39 kWh,39701,235,1. Citadine (<250km)
2026,South Korea,Hyundai,Hyundai Kona Electric 39 kWh (MY18-19)Hyundai Kona Electric 39 kWh,39932,245,1. Citadine (<250km)
2026,South Korea,Hyundai,Hyundai Kona Electric 39 kWh (MY20-21)Hyundai Kona Electric 39 kWh,40220,245,1. Citadine (<250km)
2026,South Korea,Kia,Kia e-Niro 39 kWhKia e-Niro 39 kWh,40728,235,1. Citadine (<250km)
2026,South Korea,Hyundai,Hyundai Kona Electric 39 kWh (MY22-23)Hyundai Kona Electric 39 kWh,42009,245,1. Citadine (<250km)
2026,South Korea,Kia,Kia e-Soul 39 kWhKia e-Soul 39 kWh,43960,230,1. Citadine (<250km)
2026,South Korea,Kia,Kia PV5 Passenger 51.5 kWh (MY26)Kia PV5 Passenger 51.5 kWh,44190,230,1. Citadine (<250km)
2026,South Korea,Kia,Kia e-Niro 39 kWhKia e-Niro 39 kWh,44190,235,1. Citadine (<250km)
2026,South Korea,Kia,Kia e-Soul 39.2 kWhKia e-Soul 39.2 kWh,46499,230,1. Citadine (<250km)
2026,South Korea,Hyundai,Hyundai INSTER Standard RangeHyundai INSTER Standard Range,27583,255,2. Standard (250-450km)
2026,South Korea,Hyundai,Hyundai INSTER Long RangeHyundai INSTER Long Range,29314,300,2. Standard (250-450km)
2026,South Korea,Kia,Kia EV2 61 kWh (MY27)Kia EV2 61 kWh,38651,340,2. Standard (250-450km)
2026,South Korea,Hyundai,Hyundai IONIQ ElectricHyundai IONIQ Electric,40797,250,2. Standard (250-450km)
2026,South Korea,Kia,Kia EV3 Standard RangeKia EV3 Standard Range,41536,325,2. Standard (250-450km)
2026,South Korea,Kia,Kia e-Soul 64 kWhKia e-Soul 64 kWh,42514,370,2. Standard (250-450km)
2026,South Korea,Kia,Kia EV4 Hatchback 58.3 kWhKia EV4 Hatchback 58.3 kWh,43383,340,2. Standard (250-450km)
2026,South Korea,Kia,Kia e-Niro 64 kWhKia e-Niro 64 kWh,43977,375,2. Standard (250-450km)
2026,South Korea,Hyundai,Hyundai Kona Electric 48.6 kWh (MY26)Hyundai Kona Electric 48.6 kWh,44248,295,2. Standard (250-450km)
2026,South Korea,Hyundai,Hyundai Kona Electric 64 kWh (MY18-19)Hyundai Kona Electric 64 kWh,45010,390,2. Standard (250-450km)
2026,South Korea,Kia,Kia e-Niro 64 kWhKia e-Niro 64 kWh,45114,375,2. Standard (250-450km)
2026,South Korea,Hyundai,Hyundai Kona Electric 64.8 kWh (MY26)Hyundai Kona Electric 64.8 kWh,47710,385,2. Standard (250-450km)
2026,South Korea,Hyundai,Hyundai Kona Electric 64 kWh (MY20-21)Hyundai Kona Electric 64 kWh,48299,390,2. Standard (250-450km)
2026,South Korea,Kia,Kia PV5 Passenger 71.2 kWh (MY26)Kia PV5 Passenger 71.2 kWh,48807,315,2. Standard (250-450km)
2026,South Korea,Kia,Kia e-Soul 64 kWhKia e-Soul 64 kWh,48922,370,2. Standard (250-450km)
2026,South Korea,Kia,Kia e-Niro 64 kWhKia e-Niro 64 kWh,49384,375,2. Standard (250-450km)
2026,South Korea,Hyundai,Hyundai Kona Electric 64 kWh (MY22-23)Hyundai Kona Electric 64 kWh,49511,390,2. Standard (250-450km)
2026,South Korea,Hyundai,Hyundai IONIQ 6 Standard Range 2WD (MY23-25)Hyundai IONIQ 6 Standard Range 2WD,50665,335,2. Standard (250-450km)
2026,South Korea,Hyundai,Hyundai IONIQ 5 Standard Range 2WD (MY21)Hyundai IONIQ 5 Standard Range 2WD,50665,295,2. Standard (250-450km)
2026,South Korea,Kia,Kia EV6 Standard Range 2WDKia EV6 Standard Range 2WD,51923,345,2. Standard (250-450km)
2026,South Korea,Hyundai,Hyundai IONIQ 6 63 kWh RWD (MY26)Hyundai IONIQ 6 63 kWh RWD,52569,420,2. Standard (250-450km)
2026,South Korea,Kia,Kia Niro EVKia Niro EV,52731,385,2. Standard (250-450km)
2026,South Korea,Hyundai,Hyundai IONIQ 5 Long Range 2WD (MY21)Hyundai IONIQ 5 Long Range 2WD,52973,370,2. Standard (250-450km)
2026,South Korea,Hyundai,Hyundai IONIQ 5 Standard Range AWD (MY21)Hyundai IONIQ 5 Standard Range AWD,52973,290,2. Standard (250-450km)
2026,South Korea,Kia,Kia EV5 81.4 kWh (MY26)Kia EV5 81.4 kWh,53077,400,2. Standard (250-450km)
2026,South Korea,Kia,Kia EV6 Standard Range 2WDKia EV6 Standard Range 2WD,54231,305,2. Standard (250-450km)
2026,South Korea,Kia,Kia e-Soul 64 kWhKia e-Soul 64 kWh,54762,370,2. Standard (250-450km)
2026,South Korea,Hyundai,Hyundai IONIQ 5 Long Range 2WD (MY22)Hyundai IONIQ 5 Long Range 2WD,55281,390,2. Standard (250-450km)
2026,South Korea,Hyundai,Hyundai IONIQ 5 Long Range AWD (MY21)Hyundai IONIQ 5 Long Range AWD,57590,365,2. Standard (250-450km)
2026,South Korea,Kia,Kia EV6 Long Range 2WDKia EV6 Long Range 2WD,60002,410,2. Standard (250-450km)
2026,South Korea,Kia,Kia EV5 81.4 kWh AWD (MY26)Kia EV5 81.4 kWh AWD,61156,385,2. Standard (250-450km)
2026,South Korea,Kia,Kia EV6 Long Range AWDKia EV6 Long Range AWD,62310,440,2. Standard (250-450km)
2026,South Korea,Kia,Kia EV6 Long Range AWDKia EV6 Long Range AWD,64607,400,2. Standard (250-450km)
2026,South Korea,Hyundai,Hyundai IONIQ 5 Long Range AWD (MY22)Hyundai IONIQ 5 Long Range AWD,68323,385,2. Standard (250-450km)
2026,South Korea,Hyundai,Hyundai IONIQ 5 Project 45 (MY21)Hyundai IONIQ 5 Project 45,68727,365,2. Standard (250-450km)
2026,South Korea,Hyundai,Hyundai IONIQ 6 Long Range AWD (MY23-25)Hyundai IONIQ 6 Long Range AWD,70516,440,2. Standard (250-450km)
2026,South Korea,Kia,Kia EV9 76.1 kWh RWDKia EV9 76.1 kWh RWD,71543,350,2. Standard (250-450km)
2026,South Korea,Genesis,Genesis GV60 Sport (MY22-24)Genesis GV60 Sport,72939,375,2. Standard (250-450km)
2026,South Korea,Genesis,Genesis GV70 Electrified Sport (MY22-24)Genesis GV70 Electrified Sport,77671,350,2. Standard (250-450km)
2026,South Korea,Kia,Kia EV9 99.8 kWh AWDKia EV9 99.8 kWh AWD,79621,435,2. Standard (250-450km)
2026,South Korea,Genesis,Genesis G80 Electrified Luxury (MY22-24)Genesis G80 Electrified Luxury,79864,440,2. Standard (250-450km)
2026,South Korea,Kia,Kia EV6 GTKia EV6 GT,80775,395,2. Standard (250-450km)
2026,South Korea,Kia,Kia EV6 GTKia EV6 GT,84238,360,2. Standard (250-450km)
2026,South Korea,Genesis,Genesis GV60 Sport Plus (MY22-24)Genesis GV60 Sport Plus,84365,360,2. Standard (250-450km)
2026,South Korea,Kia,Kia EV9 99.8 kWh AWD GT-LineKia EV9 99.8 kWh AWD GT-Line,95075,425,2. Standard (250-450km)
2026,South Korea,Kia,Kia EV9 99.8 kWh AWD GTKia EV9 99.8 kWh AWD GT,103857,420,2. Standard (250-450km)
2026,South Korea,Kia,Kia EV3 Long RangeKia EV3 Long Range,47768,455,3. Long Range (450-650km)
2026,South Korea,Kia,Kia EV4 Hatchback 81.4 kWhKia EV4 Hatchback 81.4 kWh,49903,475,3. Long Range (450-650km)
2026,South Korea,Kia,Kia EV4 Fastback 81.4 kWhKia EV4 Fastback 81.4 kWh,54404,495,3. Long Range (450-650km)
2026,South Korea,Kia,Kia EV6 Long Range 2WDKia EV6 Long Range 2WD,57693,455,3. Long Range (450-650km)
2026,South Korea,Hyundai,Hyundai IONIQ 6 Long Range 2WD (MY23-25)Hyundai IONIQ 6 Long Range 2WD,62321,495,3. Long Range (450-650km)
2026,South Korea,Hyundai,Hyundai IONIQ 6 84 kWh RWD (MY26)Hyundai IONIQ 6 84 kWh RWD,63822,545,3. Long Range (450-650km)
2026,South Korea,Hyundai,Hyundai IONIQ 6 84 kWh AWD (MY26)Hyundai IONIQ 6 84 kWh AWD,71035,520,3. Long Range (450-650km)
2026,South Korea,Kia,Kia EV9 99.8 kWh RWDKia EV9 99.8 kWh RWD,75005,450,3. Long Range (450-650km)
2026,South Korea,Hyundai,Hyundai IONIQ 9 Long Range RWDHyundai IONIQ 9 Long Range RWD,79056,505,3. Long Range (450-650km)
2026,South Korea,Hyundai,Hyundai IONIQ 9 Long Range AWDHyundai IONIQ 9 Long Range AWD,94059,495,3. Long Range (450-650km)
2026,South Korea,Hyundai,Hyundai IONIQ 9 Performance AWDHyundai IONIQ 9 Performance AWD,100118,485,3. Long Range (450-650km)
2026,Sweden,Volvo,Volvo XC40 Recharge Pure Electric (MY23)Volvo XC40 Recharge Pure Electric,52027,330,2. Standard (250-450km)
2026,Sweden,Polestar,Polestar 2 Standard Range Single Motor (MY21)Polestar 2 Standard Range Single Motor,52512,345,2. Standard (250-450km)
2026,Sweden,Polestar,Polestar 2 Standard Range Single Motor (MY22-23)Polestar 2 Standard Range Single Motor,54583,375,2. Standard (250-450km)
2026,Sweden,Volvo,Volvo XC40 Recharge Pure Electric (MY22)Volvo XC40 Recharge Pure Electric,56147,305,2. Standard (250-450km)
2026,Sweden,Volvo,Volvo C40 Recharge Pure Electric (MY23)Volvo C40 Recharge Pure Electric,56378,335,2. Standard (250-450km)
2026,Sweden,Polestar,Polestar 2 Standard Range Single Motor (MY26)Polestar 2 Standard Range Single Motor,56539,405,2. Standard (250-450km)
2026,Sweden,Volvo,Volvo EX40 Single Motor (MY26)Volvo EX40 Single Motor,57693,345,2. Standard (250-450km)
2026,Sweden,Polestar,Polestar 2 Long Range Single Motor (MY21-22)Polestar 2 Long Range Single Motor,58853,420,2. Standard (250-450km)
2026,Sweden,Volvo,Volvo EC40 Single Motor (MY26)Volvo EC40 Single Motor,62771,360,2. Standard (250-450km)
2026,Sweden,Polestar,Polestar 2 Long Range Dual Motor (MY21-23)Polestar 2 Long Range Dual Motor,63470,390,2. Standard (250-450km)
2026,Sweden,Volvo,Volvo EX40 Single Motor ER (MY26)Volvo EX40 Single Motor ER,64041,400,2. Standard (250-450km)
2026,Sweden,Volvo,Volvo XC40 Recharge Twin Pure Electric (MY23)Volvo XC40 Recharge Twin Pure Electric,64803,350,2. Standard (250-450km)
2026,Sweden,Volvo,Volvo EC40 Single Motor ER (MY26)Volvo EC40 Single Motor ER,66003,420,2. Standard (250-450km)
2026,Sweden,Volvo,Volvo C40 Recharge Twin Pure Electric (MY22-23)Volvo C40 Recharge Twin Pure Electric,66534,360,2. Standard (250-450km)
2026,Sweden,Polestar,Polestar 2 (MY20)Polestar 2,66822,390,2. Standard (250-450km)
2026,Sweden,Volvo,Volvo XC40 Recharge Twin Pure Electric (MY22)Volvo XC40 Recharge Twin Pure Electric,68380,335,2. Standard (250-450km)
2026,Sweden,Volvo,Volvo EX40 Twin Motor (MY26)Volvo EX40 Twin Motor,68773,385,2. Standard (250-450km)
2026,Sweden,Volvo,Volvo XC40 P8 AWD Recharge (MY21)Volvo XC40 P8 AWD Recharge,69750,335,2. Standard (250-450km)
2026,Sweden,Volvo,Volvo EC40 Twin Motor (MY26)Volvo EC40 Twin Motor,70735,400,2. Standard (250-450km)
2026,Sweden,Polestar,Polestar 2 Long Range Performance (MY23)Polestar 2 Long Range Performance,70971,385,2. Standard (250-450km)
2026,Sweden,Volvo,Volvo EX40 Twin Motor Performance (MY26)Volvo EX40 Twin Motor Performance,72581,385,2. Standard (250-450km)
2026,Sweden,Volvo,Volvo EC40 Twin Motor Performance (MY26)Volvo EC40 Twin Motor Performance,74312,400,2. Standard (250-450km)
2026,Sweden,Volvo,Volvo EX90 Single Motor (MY26)Volvo EX90 Single Motor,99241,425,2. Standard (250-450km)
2026,Sweden,Polestar,Polestar 2 Long Range Single Motor (MY26)Polestar 2 Long Range Single Motor,60810,475,3. Long Range (450-650km)
2026,Sweden,Polestar,Polestar 2 Long Range Dual Motor (MY26)Polestar 2 Long Range Dual Motor,65772,455,3. Long Range (450-650km)
2026,Sweden,Volvo,Volvo EX60 P6 (MY27)Volvo EX60 P6,72697,455,3. Long Range (450-650km)
2026,Sweden,Polestar,Polestar 2 Long Range Performance (MY26)Polestar 2 Long Range Performance,73274,450,3. Long Range (450-650km)
2026,Sweden,Volvo,Volvo EX60 P10 AWD (MY27)Volvo EX60 P10 AWD,76159,500,3. Long Range (450-650km)
2026,Sweden,Volvo,Volvo EX60 Cross Country P10 AWD (MY28)Volvo EX60 Cross Country P10 AWD,79621,490,3. Long Range (450-650km)
2026,Sweden,Volvo,Volvo EX60 P12 AWD (MY27)Volvo EX60 P12 AWD,83084,610,3. Long Range (450-650km)
2026,Sweden,Volvo,Volvo ES90 Single Motor (MY26)Volvo ES90 Single Motor,83084,485,3. Long Range (450-650km)
2026,Sweden,Polestar,Polestar 3 Long Range Single motor (MY23-25)Polestar 3 Long Range Single motor,90701,530,3. Long Range (450-650km)
2026,Sweden,Polestar,Polestar 3 Long Range Dual motor (MY23-25)Polestar 3 Long Range Dual motor,98779,515,3. Long Range (450-650km)
2026,Sweden,Volvo,Volvo ES90 Twin Motor (MY26)Volvo ES90 Twin Motor,102703,535,3. Long Range (450-650km)
2026,Sweden,Polestar,Polestar 3 Long Range Performance (MY23-25)Polestar 3 Long Range Performance,106396,480,3. Long Range (450-650km)
2026,Sweden,Volvo,Volvo ES90 Twin Motor Performance (MY26)Volvo ES90 Twin Motor Performance,109051,535,3. Long Range (450-650km)
2026,Sweden,Volvo,Volvo EX90 Twin Motor (MY26)Volvo EX90 Twin Motor,111013,480,3. Long Range (450-650km)
2026,Sweden,Volvo,Volvo EX90 Twin Motor Performance (MY26)Volvo EX90 Twin Motor Performance,116899,465,3. Long Range (450-650km)
2026,Sweden,Polestar,Polestar 5 Dual MotorPolestar 5 Dual Motor,136876,580,3. Long Range (450-650km)
2026,Sweden,Polestar,Polestar 5 PerformancePolestar 5 Performance,163421,530,3. Long Range (450-650km)
2026,UK,Mini,Mini Cooper SEMini Cooper SE,37508,180,1. Citadine (<250km)
2026,UK,Mini,Mini Aceman EMini Aceman E,40278,230,1. Citadine (<250km)
2026,UK,Mini,Mini Cooper SEMini Cooper SE,41201,180,1. Citadine (<250km)
2026,UK,Mini,Mini Cooper SE ConvertibleMini Cooper SE Convertible,69246,165,1. Citadine (<250km)
2026,UK,Mini,Mini Cooper EMini Cooper E,37970,250,2. Standard (250-450km)
2026,UK,Mini,Mini Cooper SEMini Cooper SE,42586,330,2. Standard (250-450km)
2026,UK,Mini,Mini Countryman E (MY26)Mini Countryman E,43994,400,2. Standard (250-450km)
2026,UK,Mini,Mini Aceman SEMini Aceman SE,45645,290,2. Standard (250-450km)
2026,UK,Mini,Mini Cooper JCWMini Cooper JCW,46914,290,2. Standard (250-450km)
2026,UK,Mini,Mini Aceman JCWMini Aceman JCW,49799,280,2. Standard (250-450km)
2026,UK,Mini,Mini Countryman SE ALL4 (MY26)Mini Countryman SE ALL4,49996,385,2. Standard (250-450km)
2026,UK,Jaguar,Jaguar I-Pace EV320Jaguar I-Pace EV320,86963,380,2. Standard (250-450km)
2026,UK,Jaguar,Jaguar I-Pace EV400Jaguar I-Pace EV400,88652,380,2. Standard (250-450km)
2026,UK,Jaguar,Jaguar I-Pace EV400Jaguar I-Pace EV400,89212,380,2. Standard (250-450km)
2026,UK,Jaguar,Jaguar I-Pace EV400Jaguar I-Pace EV400,106639,380,2. Standard (250-450km)
2026,UK,Lotus,Lotus EletreLotus Eletre,111936,495,3. Long Range (450-650km)
2026,UK,Lotus,Lotus Eletre 600Lotus Eletre 600,115398,495,3. Long Range (450-650km)
2026,UK,Lotus,Lotus EmeyaLotus Emeya,122796,520,3. Long Range (450-650km)
2026,UK,Lotus,Lotus Emeya 600Lotus Emeya 600,124631,520,3. Long Range (450-650km)
2026,UK,Lotus,Lotus Eletre SLotus Eletre S,140789,480,3. Long Range (450-650km)
2026,UK,Lotus,Lotus Emeya SLotus Emeya S,146513,520,3. Long Range (450-650km)
2026,UK,Lotus,Lotus Eletre 900Lotus Eletre 900,168487,455,3. Long Range (450-650km)
2026,UK,Lotus,Lotus Emeya 900Lotus Emeya 900,168487,465,3. Long Range (450-650km)
2026,UK,Lotus,Lotus Emeya RLotus Emeya R,174258,465,3. Long Range (450-650km)
2026,UK,Lotus,Lotus Eletre RLotus Eletre R,175412,455,3. Long Range (450-650km)
2026,UK,Rolls-Royce,Rolls-Royce SpectreRolls-Royce Spectre,437421,465,3. Long Range (450-650km)
2026,USA,Ford,Ford e-Tourneo CourierFord e-Tourneo Courier,41546,200,1. Citadine (<250km)
2026,USA,Ford,Ford Focus ElectricFord Focus Electric,46152,105,1. Citadine (<250km)
2026,USA,Ford,Ford e-Tourneo Custom L1 160 kWFord e-Tourneo Custom L1 160 kW,77116,235,1. Citadine (<250km)
2026,USA,Ford,Ford e-Tourneo Custom L2 160 kWFord e-Tourneo Custom L2 160 kW,78215,235,1. Citadine (<250km)
2026,USA,Ford,Ford e-Tourneo Custom L1 210 kWFord e-Tourneo Custom L1 210 kW,87210,235,1. Citadine (<250km)
2026,USA,Ford,Ford e-Tourneo Custom L2 210 kWFord e-Tourneo Custom L2 210 kW,88308,235,1. Citadine (<250km)
2026,USA,Ford,Ford Puma Gen-EFord Puma Gen-E,42586,275,2. Standard (250-450km)
2026,USA,Tesla,Tesla Model 3 RWD (Highland)Tesla Model 3 RWD,43821,445,2. Standard (250-450km)
2026,USA,Ford,Ford Explorer Standard Range RWD (MY26)Ford Explorer Standard Range RWD,46049,335,2. Standard (250-450km)
2026,USA,Tesla,Tesla Model Y RWD (Juniper)Tesla Model Y RWD,47283,380,2. Standard (250-450km)
2026,USA,Tesla,Tesla Model 3 RWD (Highland CATL LFP64)Tesla Model 3 RWD,47283,440,2. Standard (250-450km)
2026,USA,Tesla,Tesla Model 3 RWD (Highland CATL LFP60)Tesla Model 3 RWD,47283,420,2. Standard (250-450km)
2026,USA,Ford,Ford Capri Standard Range RWD (MY26)Ford Capri Standard Range RWD,48934,350,2. Standard (250-450km)
2026,USA,Fisker,Fisker Ocean SportFisker Ocean Sport,50665,350,2. Standard (250-450km)
2026,USA,Tesla,Tesla Model 3 RWD (CATL LFP60)Tesla Model 3 RWD,51551,400,2. Standard (250-450km)
2026,USA,Tesla,Tesla Model 3 Standard Range Plus (PANA 2170L)Tesla Model 3 Standard Range Plus,52581,350,2. Standard (250-450km)
2026,USA,Tesla,Tesla Model 3 Standard Range Plus (CATL LFP55)Tesla Model 3 Standard Range Plus,52581,350,2. Standard (250-450km)
2026,USA,Tesla,Tesla Model Y RWD (Juniper)Tesla Model Y RWD,53054,375,2. Standard (250-450km)
2026,USA,Tesla,Tesla Model Y RWD (CATL LFP)Tesla Model Y RWD,53054,345,2. Standard (250-450km)
2026,USA,Tesla,Tesla Model Y RWD (BYD LFP)Tesla Model Y RWD,53054,345,2. Standard (250-450km)
2026,USA,Tesla,Tesla Model 3 Standard Range PlusTesla Model 3 Standard Range Plus,53527,320,2. Standard (250-450km)
2026,USA,Ford,Ford Mustang Mach-E SR RWD (MY21)Ford Mustang Mach-E SR RWD,54820,365,2. Standard (250-450km)
2026,USA,Ford,Ford Explorer Extended Range AWD (MY26)Ford Explorer Extended Range AWD,61052,430,2. Standard (250-450km)
2026,USA,Ford,Ford Mustang Mach-E SR AWD (MY21)Ford Mustang Mach-E SR AWD,63187,335,2. Standard (250-450km)
2026,USA,Ford,Ford Capri Extended Range AWD (MY26)Ford Capri Extended Range AWD,63937,445,2. Standard (250-450km)
2026,USA,Ford,Ford Mustang Mach-E SR RWD (MY23.75)Ford Mustang Mach-E SR RWD,64399,380,2. Standard (250-450km)
2026,USA,Tesla,Tesla Model Y Long Range AWDTesla Model Y Long Range AWD,64595,445,2. Standard (250-450km)
2026,USA,Ford,Ford Mustang Mach-E SR RWD (MY22)Ford Mustang Mach-E SR RWD,65207,375,2. Standard (250-450km)
2026,USA,Ford,Ford Mustang Mach-E SR AWD (MY23.75)Ford Mustang Mach-E SR AWD,66822,350,2. Standard (250-450km)
2026,USA,Tesla,Tesla Model Y Long Range AWDTesla Model Y Long Range AWD,69206,425,2. Standard (250-450km)
2026,USA,Tesla,Tesla Model Y PerformanceTesla Model Y Performance,70365,430,2. Standard (250-450km)
2026,USA,Tesla,Tesla Model 3 PerformanceTesla Model 3 Performance,70954,440,2. Standard (250-450km)
2026,USA,Ford,Ford e-Tourneo Custom L1 160 kW RWDFord e-Tourneo Custom L1 160 kW RWD,71210,270,2. Standard (250-450km)
2026,USA,Ford,Ford Mustang Mach-E SR AWD (MY22)Ford Mustang Mach-E SR AWD,71843,345,2. Standard (250-450km)
2026,USA,Ford,Ford e-Tourneo Custom L2 160 kW RWDFord e-Tourneo Custom L2 160 kW RWD,72309,270,2. Standard (250-450km)
2026,USA,Ford,Ford Mustang Mach-E SR RWD (MY23)Ford Mustang Mach-E SR RWD,72593,375,2. Standard (250-450km)
2026,USA,Ford,Ford Mustang Mach-E ER AWD (MY21)Ford Mustang Mach-E ER AWD,73516,430,2. Standard (250-450km)
2026,USA,Cadillac,Cadillac OPTIQ 500 E4 (MY26)Cadillac OPTIQ 500 E4,75016,365,2. Standard (250-450km)
2026,USA,Ford,Ford Mustang Mach-E ER AWD (MY23.75)Ford Mustang Mach-E ER AWD,76055,440,2. Standard (250-450km)
2026,USA,Tesla,Tesla Model S 60Tesla Model S 60,79655,345,2. Standard (250-450km)
2026,USA,Ford,Ford Mustang Mach-E SR AWD (MY23)Ford Mustang Mach-E SR AWD,79864,345,2. Standard (250-450km)
2026,USA,Ford,Ford Mustang Mach-E ER AWD (MY22)Ford Mustang Mach-E ER AWD,80441,440,2. Standard (250-450km)
2026,USA,Tesla,Tesla Model S 75Tesla Model S 75,80752,380,2. Standard (250-450km)
2026,USA,Tesla,Tesla Model S 75DTesla Model S 75D,81963,380,2. Standard (250-450km)
2026,USA,Ford,Ford e-Tourneo Custom L1 160 kW AWDFord e-Tourneo Custom L1 160 kW AWD,82747,265,2. Standard (250-450km)
2026,USA,Ford,Ford e-Tourneo Custom L2 160 kW AWDFord e-Tourneo Custom L2 160 kW AWD,83845,260,2. Standard (250-450km)
2026,USA,Ford,Ford Mustang Mach-E GT (MY21)Ford Mustang Mach-E GT,84134,410,2. Standard (250-450km)
2026,USA,Tesla,Tesla Model S 60DTesla Model S 60D,86233,345,2. Standard (250-450km)
2026,USA,Ford,Ford Mustang Mach-E ER AWD (MY23)Ford Mustang Mach-E ER AWD,89097,440,2. Standard (250-450km)
2026,USA,Ford,Ford Mustang Mach-E GT (MY22)Ford Mustang Mach-E GT,89097,425,2. Standard (250-450km)
2026,USA,Ford,Ford Mustang Mach-E GT (MY23.75)Ford Mustang Mach-E GT,89212,425,2. Standard (250-450km)
2026,USA,Ford,Ford e-Tourneo Custom L1 210 kW AWDFord e-Tourneo Custom L1 210 kW AWD,89682,255,2. Standard (250-450km)
2026,USA,Tesla,Tesla Model S 70Tesla Model S 70,90020,340,2. Standard (250-450km)
2026,USA,Ford,Ford e-Tourneo Custom L2 210 kW AWDFord e-Tourneo Custom L2 210 kW AWD,90780,250,2. Standard (250-450km)
2026,USA,Tesla,Tesla Model S 70Tesla Model S 70,95444,345,2. Standard (250-450km)
2026,USA,Tesla,Tesla Model S 70DTesla Model S 70D,96367,350,2. Standard (250-450km)
2026,USA,Tesla,Tesla Model X Long RangeTesla Model X Long Range,99241,440,2. Standard (250-450km)
2026,USA,Ford,Ford Mustang Mach-E GT (MY23)Ford Mustang Mach-E GT,99483,425,2. Standard (250-450km)
2026,USA,Tesla,Tesla Model S Standard RangeTesla Model S Standard Range,100176,420,2. Standard (250-450km)
2026,USA,Tesla,Tesla Model S 85Tesla Model S 85,100868,405,2. Standard (250-450km)
2026,USA,Tesla,Tesla Model S 70DTesla Model S 70D,101792,355,2. Standard (250-450km)
2026,USA,Tesla,Tesla Model X 60DTesla Model X 60D,102830,285,2. Standard (250-450km)
2026,USA,Tesla,Tesla Model X Long RangeTesla Model X Long Range,105023,435,2. Standard (250-450km)
2026,USA,Tesla,Tesla Model X Standard RangeTesla Model X Standard Range,105831,355,2. Standard (250-450km)
2026,USA,Tesla,Tesla Model S 85DTesla Model S 85D,107100,420,2. Standard (250-450km)
2026,USA,Tesla,Tesla Model X 75DTesla Model X 75D,107908,335,2. Standard (250-450km)
2026,USA,Tesla,Tesla Model S 90DTesla Model S 90D,113102,445,2. Standard (250-450km)
2026,USA,Cadillac,Cadillac LYRIQ-V (MY26)Cadillac LYRIQ-V,114995,400,2. Standard (250-450km)
2026,USA,Tesla,Tesla Model X PerformanceTesla Model X Performance,115064,420,2. Standard (250-450km)
2026,USA,Tesla,Tesla Model X PerformanceTesla Model X Performance,118861,430,2. Standard (250-450km)
2026,USA,Tesla,Tesla Model X PerformanceTesla Model X Performance,124181,440,2. Standard (250-450km)
2026,USA,Cadillac,Cadillac VISTIQ 900 E4 (MY26)Cadillac VISTIQ 900 E4,125576,375,2. Standard (250-450km)
2026,USA,Tesla,Tesla Model X Ludicrous PerformanceTesla Model X Ludicrous Performance,130067,420,2. Standard (250-450km)
2026,USA,Tesla,Tesla Model X 90DTesla Model X 90D,130760,395,2. Standard (250-450km)
2026,USA,Tesla,Tesla Model X 100DTesla Model X 100D,132722,435,2. Standard (250-450km)
2026,USA,Tesla,Tesla Model S P85DTesla Model S P85D,132722,390,2. Standard (250-450km)
2026,USA,Tesla,Tesla Model S P90DTesla Model S P90D,138838,415,2. Standard (250-450km)
2026,USA,Tesla,Tesla Model S P90DTesla Model S P90D,143339,405,2. Standard (250-450km)
2026,USA,Tesla,Tesla Model S P90DLTesla Model S P90DL,149571,405,2. Standard (250-450km)
2026,USA,Tesla,Tesla Model X P90DTesla Model X P90D,151533,375,2. Standard (250-450km)
2026,USA,Tesla,Tesla Model S P90DLTesla Model S P90DL,151649,405,2. Standard (250-450km)
2026,USA,Tesla,Tesla Model X P90DLTesla Model X P90DL,164113,375,2. Standard (250-450km)
2026,USA,Tesla,Tesla Model X P100DTesla Model X P100D,181078,420,2. Standard (250-450km)
2026,USA,Tesla,Tesla Model 3 Long Range RWD (Highland)Tesla Model 3 Long Range RWD,51923,550,3. Long Range (450-650km)
2026,USA,Tesla,Tesla Model 3 Premium RWD (Highland)Tesla Model 3 Premium RWD,53054,580,3. Long Range (450-650km)
2026,USA,Tesla,Tesla Model 3 Long Range RWD (Highland)Tesla Model 3 Long Range RWD,53054,580,3. Long Range (450-650km)
2026,USA,Tesla,Tesla Model Y Long Range RWD (Juniper)Tesla Model Y Long Range RWD,55362,490,3. Long Range (450-650km)
2026,USA,Ford,Ford Explorer Extended Range RWD (MY26)Ford Explorer Extended Range RWD,56435,450,3. Long Range (450-650km)
2026,USA,Tesla,Tesla Model Y Long Range RWDTesla Model Y Long Range RWD,57670,455,3. Long Range (450-650km)
2026,USA,Tesla,Tesla Model 3 Long Range AWD (Highland)Tesla Model 3 Long Range AWD,57693,525,3. Long Range (450-650km)
2026,USA,Tesla,Tesla Model Y Premium RWD (Juniper)Tesla Model Y Premium RWD,58824,495,3. Long Range (450-650km)
2026,USA,Tesla,Tesla Model Y Premium RWD (Juniper)Tesla Model Y Premium RWD,58824,470,3. Long Range (450-650km)
2026,USA,Tesla,Tesla Model 3 Premium AWD (Highland)Tesla Model 3 Premium AWD,58824,555,3. Long Range (450-650km)
2026,USA,Tesla,Tesla Model Y Long Range RWD (Juniper)Tesla Model Y Long Range RWD,58824,470,3. Long Range (450-650km)
2026,USA,Tesla,Tesla Model 3 Long Range AWD (Highland)Tesla Model 3 Long Range AWD,58824,555,3. Long Range (450-650km)
2026,USA,Ford,Ford Capri Extended Range RWD (MY26)Ford Capri Extended Range RWD,59321,470,3. Long Range (450-650km)
2026,USA,Tesla,Tesla Model Y Long Range AWD (Juniper)Tesla Model Y Long Range AWD,61156,455,3. Long Range (450-650km)
2026,USA,Tesla,Tesla Model 3 Long Range AWDTesla Model 3 Long Range AWD,61814,465,3. Long Range (450-650km)
2026,USA,Tesla,Tesla Model 3 Long Range AWDTesla Model 3 Long Range AWD,61938,485,3. Long Range (450-650km)
2026,USA,Tesla,Tesla Model Y Premium AWD (Juniper)Tesla Model Y Premium AWD,62287,475,3. Long Range (450-650km)
2026,USA,Ford,Ford Mustang Mach-E ER RWD (MY21)Ford Mustang Mach-E ER RWD,62870,465,3. Long Range (450-650km)
2026,USA,Tesla,Tesla Model 3 Long Range AWDTesla Model 3 Long Range AWD,63776,490,3. Long Range (450-650km)
2026,USA,Tesla,Tesla Model 3 Long Range AWDTesla Model 3 Long Range AWD,64029,455,3. Long Range (450-650km)
2026,USA,Tesla,Tesla Model 3 PerformanceTesla Model 3 Performance,66555,460,3. Long Range (450-650km)
2026,USA,Tesla,Tesla Model 3 Performance (Highland)Tesla Model 3 Performance,67480,490,3. Long Range (450-650km)
2026,USA,Ford,Ford Mustang Mach-E ER RWD (MY23.75)Ford Mustang Mach-E ER RWD,67515,480,3. Long Range (450-650km)
2026,USA,Fisker,Fisker Ocean UltraFisker Ocean Ultra,67976,500,3. Long Range (450-650km)
2026,USA,Tesla,Tesla Model 3 Performance (Highland)Tesla Model 3 Performance,68634,515,3. Long Range (450-650km)
2026,USA,Tesla,Tesla Model 3 PerformanceTesla Model 3 Performance,68738,470,3. Long Range (450-650km)
2026,USA,Tesla,Tesla Model Y Long Range AWD Launch Series (Juniper)Tesla Model Y Long Range AWD Launch Series,71520,455,3. Long Range (450-650km)
2026,USA,Ford,Ford Mustang Mach-E ER RWD (MY22)Ford Mustang Mach-E ER RWD,72651,480,3. Long Range (450-650km)
2026,USA,Tesla,Tesla Model Y Performance (Juniper)Tesla Model Y Performance,72674,460,3. Long Range (450-650km)
2026,USA,Fisker,Fisker Ocean ExtremeFisker Ocean Extreme,73389,490,3. Long Range (450-650km)
2026,USA,Fisker,Fisker Ocean OneFisker Ocean One,80729,525,3. Long Range (450-650km)
2026,USA,Ford,Ford Mustang Mach-E ER RWD (MY23)Ford Mustang Mach-E ER RWD,82172,480,3. Long Range (450-650km)
2026,USA,Tesla,Tesla Model S Long RangeTesla Model S Long Range,92316,530,3. Long Range (450-650km)
2026,USA,Tesla,Tesla Model S Long Range PlusTesla Model S Long Range Plus,94625,555,3. Long Range (450-650km)
2026,USA,Lucid,Lucid Air Pure RWD (MY26)Lucid Air Pure RWD,99137,580,3. Long Range (450-650km)
2026,USA,Tesla,Tesla Model X Long Range PlusTesla Model X Long Range Plus,105012,480,3. Long Range (450-650km)
2026,USA,Tesla,Tesla Model S PerformanceTesla Model S Performance,111936,515,3. Long Range (450-650km)
2026,USA,Tesla,Tesla Model S PerformanceTesla Model S Performance,114244,535,3. Long Range (450-650km)
2026,USA,Lucid,Lucid Air Touring (MY23-24)Lucid Air Touring,114256,560,3. Long Range (450-650km)
2026,USA,Lucid,Lucid Air Touring (MY26)Lucid Air Touring,115295,600,3. Long Range (450-650km)
2026,USA,Lucid,Lucid Gravity Touring (MY26)Lucid Gravity Touring,115295,460,3. Long Range (450-650km)
2026,USA,Tesla,Tesla Model S 90DTesla Model S 90D,119242,455,3. Long Range (450-650km)
2026,USA,Tesla,Tesla Model X PerformanceTesla Model X Performance,124631,470,3. Long Range (450-650km)
2026,USA,Tesla,Tesla Model S 100DTesla Model S 100D,125128,485,3. Long Range (450-650km)
2026,USA,Lucid,Lucid Air Pure AWD (MY23-24)Lucid Air Pure AWD,125797,560,3. Long Range (450-650km)
2026,USA,Tesla,Tesla Model S Dual MotorTesla Model S Dual Motor,128070,575,3. Long Range (450-650km)
2026,USA,Tesla,Tesla Model S AWD (MY26)Tesla Model S AWD,128070,590,3. Long Range (450-650km)
2026,USA,Tesla,Tesla Model X Dual MotorTesla Model X Dual Motor,133841,485,3. Long Range (450-650km)
2026,USA,Tesla,Tesla Model X AWD (MY26)Tesla Model X AWD,133841,490,3. Long Range (450-650km)
2026,USA,Lucid,Lucid Gravity Grand Touring (MY26)Lucid Gravity Grand Touring,134914,615,3. Long Range (450-650km)
2026,USA,Tesla,Tesla Model S PlaidTesla Model S Plaid,139611,560,3. Long Range (450-650km)
2026,USA,Tesla,Tesla Model S Plaid (MY26)Tesla Model S Plaid,139611,565,3. Long Range (450-650km)
2026,USA,Tesla,Tesla Model X PlaidTesla Model X Plaid,145382,465,3. Long Range (450-650km)
2026,USA,Tesla,Tesla Model X Plaid (MY26)Tesla Model X Plaid,145382,475,3. Long Range (450-650km)
2026,USA,Tesla,Tesla Model S P100DTesla Model S P100D,167829,475,3. Long Range (450-650km)
2026,USA,Lucid,Lucid Air Grand Touring (MY23-24)Lucid Air Grand Touring,148879,665,4. Ultra (>650km)
2026,USA,Lucid,Lucid Air Dream Edition RLucid Air Dream Edition R,251594,685,4. Ultra (>650km)
2026,USA,Lucid,Lucid Air Dream Edition PLucid Air Dream Edition P,251594,670,4. Ultra (>650km)
2026,Vietnam,VinFast,VinFast VF 6 EcoVinFast VF 6 Eco,40382,315,2. Standard (250-450km)
2026,Vietnam,VinFast,VinFast VF 6 PlusVinFast VF 6 Plus,44998,310,2. Standard (250-450km)
2026,Vietnam,VinFast,VinFast VF 8 Eco Extended RangeVinFast VF 8 Eco Extended Range,61156,405,2. Standard (250-450km)
2026,Vietnam,VinFast,VinFast VF 8 Plus Extended RangeVinFast VF 8 Plus Extended Range,67965,400,2. Standard (250-450km)
